file	line	old_id	verdict	detail
common\ai_strategy\SOV.txt	488	146	fix_to=77	claims_on_finland + SOV_ultimatum_FIN: vanilla 146 = Karelia/Viipuri -> mod 77 Viipuri (FIN-owned, KAR-cored). All 6 occurrences: L488,499,2373-2374,2386-2387,2486.
common\ai_strategy\SOV.txt	1459	220	fix_to=388	SOV_scorched_earth_german_front_moscow abort list: 220 Kursk Area -> 388 Kursk. NOTE un-flagged identical lines in same block also un-migrated: frontier count_triggers L1444-1448 (219->229 Moscow, 246->2452 Rzhev, 242->2189 Smolensk, 205->300 Grodno, 223->265 Tula) and states={} list L1470-1474 same fixes.
common\ai_strategy\SOV.txt	1460	224	fix_to=2183	224 Bryansk -> mod 2183 Bryansk.
common\ai_strategy\SOV.txt	1461	243	fix_to=2190	243 Roslavl -> mod 2190 Roslavl.
common\ai_strategy\SOV.txt	1462	207	fix_to=2168	207 Viciebsk -> mod 2168 Vitebsk.
common\ai_strategy\SOV.txt	1463	210	fix_to=2176	vanilla file named "Bryansk" but VP = Velikiye Luki -> mod 2176 Velikiye Luki.
common\ai_strategy\SOV.txt	1513	218	fix_to=511	SOV_scorched_earth_german_front_stalingrad abort: 218 Rostov Area -> 511 Rostov. Frontier list L1498-1502 also un-migrated: 217->457 Volgograd, 265->2418 Mikhaylovka, 245->557 Stalino(Donetsk), 238->2410 Volgodonsk, 829->2589 Engels(Volga Germans); states={} L1523-1527 same.
common\ai_strategy\SOV.txt	1514	228	fix_to=2082	228 Taganrog -> mod 2082 Taganrog.
common\ai_strategy\SOV.txt	1515	260	fix_to=2420	260 Borisoglbsk -> mod 2420 Borisoglebsk.
common\ai_strategy\SOV.txt	1516	239	fix_to=366	239 Saratov -> mod 366 Saratov.
common\ai_strategy\SOV.txt	2294	78	fix_to=1604	SOV_ultimatum_ROM: vanilla 78 = Bessarabia (VP Chisinau 3707) -> mod 1604 Lapusna (holds Chisinau VP 20392).
common\ai_strategy\SOV.txt	2300	80	fix_to=1599	vanilla 80 = Bocovina (VP Cernauti) -> mod 1599 Cernauti.
common\ai_strategy\SOV.txt	2306	766	fix_to=1601	vanilla 766 = Southern Bessarabia (VP Cetatea Alba/Akkerman 6727) -> mod 1601 Cetatea Alba.
common\ai_strategy\SOV.txt	2485	195	fix_to=119	SOV_defend_leningrad_if_at_war_with_fin: buffer/front_control 195 Leningrad Area -> mod 119 Leningrad.
common\ai_strategy\SOV.txt	2487	928	fix_to=115	FIN front states: vanilla 928 Kyme (Kotka/Kouvola) -> mod 115 Kymenlaakso.
common\ai_strategy\SOV.txt	2488	111	fix_to=114	vanilla 111 Uusima (Helsinki) -> mod 114 Uusimaa.
common\ai_strategy\SOV.txt	2489	927	fix_to=85	vanilla 927 Hame (VP Tampere) -> mod 85 Pirkanmaa.
common\ai_strategy\SOV.txt	2490	926	fix_to=109	vanilla 926 Turku -> mod 109 Varsinais-Suomi.
common\ai_strategy\SOV.txt	2683	96	fix_to=1198	SOV_aifc_linear_defence "split Poland" check: vanilla 96 Wilejka (VP Molodeczno) -> mod 1198 Molodeczno.
common\ai_strategy\SOV.txt	2684	95	fix_to=292	vanilla 95 Nowogrodek (VP Baranowicze) -> mod 292 Baranowicze.
common\ai_strategy\SOV.txt	2685	94	fix_to=1163	vanilla 94 Polesie (VPs Pinsk+Brest-Litovsk) -> mod 1163 Pinsk (Brzesc/Brest is separate mod state 1153).
common\ai_strategy\SOV.txt	2686	93	fix_to=1030	vanilla 93 Volhynian (VP Rovno/Kovel, centred Lutsk) -> mod 1030 Luck (alt 992 Kowel).
common\ai_strategy\SOV.txt	2687	92	fix_to=377	vanilla 92 Lublin -> mod 377 Lublin.
common\decisions\SOV.txt	1995	219	fix_to=229	SOV_propaganda_defend_moscow: controls_state=219 and 219={} scopes at L1996/2023/2033. Vanilla 219=Moscow Area -> mod 229 Moscow city. All 4 occurrences need 219->229.
common\decisions\SOV.txt	6353	419	fix_to=1040	SOV_operation_countenance: transfer_state 419 = Tabriz (Iranian Azerbaijan). Mod split: 1040 East Azerbaijan (Tabriz) + 1024 West Azerbaijan; -> 1040. 2 occ (L6353,6369).
common\decisions\SOV.txt	6354	420	fix_to=1069	transfer_state 420 = Gilan -> mod 1069 Gilan. 2 occ (L6354,6370).
common\decisions\SOV.txt	6355	416	fix_to=1087	transfer_state 416 = Khorasan (Mashhad) -> mod 1087 Razavi Khorasan. 2 occ (L6355,6371).
common\decisions\SOV.txt	6357	411	fix_to=1314	give_resource_rights state 411 = Hormozgan -> mod 1314 Hormozgan. 2 occ (L6357,6374).
common\decisions\SOV.txt	6358	412	fix_to=1274	give_resource_rights state 412 = Fars -> mod 1274 Fars. 2 occ (L6358,6375).
common\decisions\SOV.txt	6376	413	fix_to=1238	give_resource_rights state 413 = Khuzestan -> mod 1238 Khuzestan.
common\decisions\SOV.txt	7259	229	already_ok	merge_aircraft_plant_2 aluminium: vanilla was state=219 MOSCOW; mod author already migrated to 229 Moscow. NOTE: same numeric 229 used UN-migrated as vanilla "baku" at L10989/11012 (needs 2292) - do not bulk-replace 229.
common\decisions\SOV.txt	8915	195	fix_to=119	move_leningrad_aluminium_plant: vanilla 195 = Leningrad Area -> mod 119 Leningrad (leningrad_aluminium_developed flag is set on 119 in resource_prospecting.txt). Same fix at L8924,8931,8933,8991; also un-flagged 195 refs at L10387,10405 (iskra is_in_home_area), L10641/10656/10674/10679 (hold_leningrad), L11668/11701 (secure_leningrad_opposition).
common\decisions\SOV.txt	8932	569	ambiguous	Relocation target: vanilla 569 = TS 11 = Khakassia (Siberia). Mod map ends at Urals (Perm 97 / Sverdlovsk 175); no Khakassia/West-Siberian state exists. Current 569 resolves to Levoca (Slovakia) - wrong. Needs design decision; no direct fix_to. Same at L8925,9010.
common\decisions\SOV.txt	8952	208	fix_to=151	German-advance trigger: vanilla 208 = Pskov -> mod 151 Pskov. Same ID also un-migrated at L10439 (#LUGA),10465,10500.
common\decisions\SOV.txt	8956	209	fix_to=2189	vanilla 209 = Smolensk -> mod 2189 Smolensk (mod 209=Chuvash is wrong region).
common\decisions\SOV.txt	8960	244	fix_to=2794	vanilla 244 = Gatchina -> mod 2794 Gostilitsy (contains Gatchina VP province 10028). Same ID also at L10440 (#VOLKHOV),10462,10503.
common\decisions\SOV.txt	8964	263	fix_to=138	vanilla 263 = Veliky Novogrod -> mod 138 Novgorod (also L10454 #NOVGOROD).
common\decisions\SOV.txt	8968	191	fix_to=152	vanilla 191 = Tartu -> mod 152 Tarto (contains Tartu VP 19994). Same ID also at L10819,10849.
common\decisions\SOV.txt	8972	146	fix_to=77	vanilla 146 = Karelia (Viipuri) -> mod 77 Viipuri.
common\decisions\SOV.txt	10455	264	fix_to=102	SOV_operation_iskra: vanilla 264 = Tikhvin -> mod 102 Volkhov (contains Tikhvin VP 7494).
common\decisions\SOV.txt	10530	763	fix_to=252	the_rush_for_berlin GER-core exclusions: vanilla 763 = Konigsberg -> mod 252 Konigsberg.
common\decisions\SOV.txt	10531	5	fix_to=1611	vanilla 5 = "Germany" file = East Prussia/Allenstein (VP 6375 Allenstein) -> mod 1611 Allenstein.
common\decisions\SOV.txt	10532	85	fix_to=280	vanilla 85 = Danzig -> mod 280 Danzig.
common\decisions\SOV.txt	10590	217	fix_to=457	SOV_hold_stalingrad: vanilla 217 = Stalingrad Area -> mod 457 Volgograd. All occ L10590,10602,10620,10625.
common\decisions\SOV.txt	10807	188	fix_to=227	scorched_earth_baltics LIT: vanilla 188 = Memel/Klaipeda -> mod 227 Klaipedos.
common\decisions\SOV.txt	10808	814	fix_to=259	vanilla 814 = Suduva (VP Marijampole 11312) -> mod 259 Marijampoles.
common\decisions\SOV.txt	10809	189	fix_to=206	vanilla 189 "Kaunas" file but VP = Siauliai(9483)+Palanga -> mod 206 Siauliu.
common\decisions\SOV.txt	10810	11	fix_to=242	vanilla 11 = Kaunas (VP 6296 Kaunas) -> mod 242 Kauno.
common\decisions\SOV.txt	10811	815	fix_to=207	vanilla 815 Aukstaitija (VP Panevezys 6229) -> mod 207 Panevezio.
common\decisions\SOV.txt	10813	190	fix_to=174	vanilla 190 Kurzeme (main VP 9262 Liepaja + Ventspils) -> mod 174 Liepaja (91 Ventspils other half).
common\decisions\SOV.txt	10814	12	fix_to=95	vanilla 12 Latvia (VP Valmiera, N Latvia/Vidzeme) -> mod 95 Valmiera (also 112 Cesis).
common\decisions\SOV.txt	10815	809	fix_to=196	vanilla file named Latgale but VPs = Jelgava+Jekabpils (Zemgale/Selija) -> mod 196 Jelgava.
common\decisions\SOV.txt	10816	810	fix_to=185	vanilla file named Zemgale but VPs = Daugavpils+Rezekne (Latgale) -> mod 185 Rezekne (1348 Daugavpils alt).
common\decisions\SOV.txt	10817	808	fix_to=172	vanilla 808 = Riga -> mod 172 Riga.
common\decisions\SOV.txt	10819	191	fix_to=152	EST: vanilla 191 Tartu (VP Voru) -> mod 152 Tarto.
common\decisions\SOV.txt	10820	13	fix_to=155	vanilla 13 Estonia (VP 3174 Parnu; S/W Estonia) -> mod 155 Parnu (Viljandi 156/Voru 173 in same area).
common\decisions\SOV.txt	10821	811	fix_to=146	vanilla 811 = Saaremaa -> mod 146 Saaremaa.
common\decisions\SOV.txt	10822	812	fix_to=133	vanilla 812 = Tallinn -> mod 133 Harju (holds Tallinn VP 19972).
common\decisions\SOV.txt	10823	813	fix_to=134	vanilla 813 = Rakvere (VPs Narva+Rakvere, NE Estonia) -> mod 134 Narva.
common\decisions\SOV.txt	10989	229	fix_to=2292	scorched_earth_caucasus: vanilla 229 = baku -> mod 2292 Baku. (Other 229 refs in file at L7259/8701/9419/9536 are already-migrated Moscow - do NOT bulk replace.)
common\decisions\SOV.txt	10990	230	fix_to=2265	vanilla 230 = Armenia -> mod 2265 Yerevan.
common\decisions\SOV.txt	10991	231	fix_to=2290	vanilla 231 = Georgia -> mod 2290 Tbilisi.
common\decisions\SOV.txt	10992	232	fix_to=821	vanilla 232 = Grozny -> mod 821 Chechen (VP 16165 = Grozny).
common\decisions\SOV.txt	10993	233	fix_to=2282	vanilla 233 = Caucasus Mountains (VP 9663 Sochi) -> mod 2282 Sochi.
common\decisions\SOV.txt	10994	234	fix_to=696	vanilla 234 = Krasodar -> mod 696 Krasnodar.
common\decisions\SOV.txt	10995	235	fix_to=732	vanilla 235 = Stravropol -> mod 732 Stavropol (VP 8573 Voroshilovsk=Stavropol).
common\decisions\SOV.txt	10996	821	ambiguous	vanilla 821 = "- Chenchnya-Ingushetia" (Chechnya+Ingushetia region). Mod splits into 821 Chechen + 843 Ingushetia. Since Grozny(232) above maps to 821, this line could be 843 Ingushetia - but scorched-earth ideally lists both. Judge: pick 843 (or add both).
common\decisions\SOV.txt	10997	826	fix_to=841	vanilla 826 = "- Abkhazia" -> mod 841 Abkhazia (VP 14747 Sukhumi).
common\decisions\SOV.txt	10998	827	fix_to=826	vanilla 827 = "- Kabardino-Balkaria" -> mod 826 Kabardino-Balkar.
common\decisions\SOV.txt	10999	828	fix_to=832	vanilla 828 = "- North Ossetia" -> mod 832 North Ossetia.
common\decisions\SOV.txt	11060	245	fix_to=557	scorched_earth_stalingrad: vanilla 245 = Donetsk -> mod 557 Stalino (Donetsk city).
common\decisions\SOV.txt	11062	218	fix_to=511	vanilla 218 = Rostov Area -> mod 511 Rostov.
common\decisions\SOV.txt	11063	238	fix_to=2410	vanilla 238 = volgodonsk -> mod 2410 Volgodonsk.
common\decisions\SOV.txt	11064	237	fix_to=630	vanilla 237 = Elista -> mod 630 Kalmykia.
common\decisions\SOV.txt	11065	236	fix_to=632	vanilla 236 = Astrakhan -> mod 632 Astrakhan.
common\decisions\SOV.txt	11066	265	fix_to=2418	vanilla 265 = Mikhaylovka -> mod 2418 Mikhaylovka.
common\decisions\SOV.txt	11067	829	fix_to=2589	vanilla 829 = "- Volga Germany" (Volga German ASSR, capital Engels) -> mod 2589 Engels (VP 12105 Engels).
common\decisions\SOV.txt	11124	220	fix_to=388	scorched_earth_moscow: vanilla 220 Kursk Area -> 388 Kursk.
common\decisions\SOV.txt	11125	222	fix_to=318	222 Orel -> 318 Oryol.
common\decisions\SOV.txt	11126	224	fix_to=2183	224 Bryansk -> 2183 Bryansk.
common\decisions\SOV.txt	11127	243	fix_to=2190	243 Roslavl -> 2190 Roslavl.
common\decisions\SOV.txt	11128	205	fix_to=300	205 Hrodna -> 300 Grodno.
common\decisions\SOV.txt	11129	242	fix_to=2189	242 Smolensk -> 2189 Smolensk.
common\decisions\SOV.txt	11130	246	fix_to=2452	246 Rzhev -> 2452 Rzhev.
common\decisions\SOV.txt	12842	214	fix_to=41	uprising plan: vanilla 214 Arkhangelsk -> 41 Arkhangelsk (also L12846,12855).
common\decisions\SOV.txt	12888	192	fix_to=2045	vanilla 192 Odessa -> 2045 Odessa (also L12891,12896,12902,12916,12928).
common\decisions\SOV.txt	12961	571	ambiguous	vanilla 571 = TS 13 = Omsk (Siberia); no Omsk state in mod (map ends at Urals). Current 571 resolves to Paris - wrong. Civil-war spawn state needs design choice.
common\decisions\SOV.txt	14416	215	fix_to=57	northern crackdown: vanilla 215 = Eastern Karelia -> mod 57 Olonets (39 Belomorsk = far-north part).
common\decisions\SOV.txt	14417	216	fix_to=24	vanilla 216 "Below Zero" = Petrozavodsk (VP 11159) -> mod 24 Petrozavodsk.
