file	line	old_id	new_id	reason
common/national_focus/czechoslovakia_mu.txt	12845	89	1164	CZE_demand_corridor_to_ussr "Demand a Corridor to the Soviets" (l_english.yml:295): transfers a contiguous Polish strip from CZE-Ruthenia to the USSR border. Mod 89=Paijat-Hame is wrong. Porter's canonical remap of vanilla 89 is 1164-Stanislawow (austria.txt:8784, czechoslovakia_mu.txt:1674, poland.txt:6116,6139,7256), and Stanislawow+Lwow form the only connected CZE->SOV corridor; hint's 1157-Krakow is disconnected from Tarnopol by Lwow.
common/national_focus/czechoslovakia_mu.txt	12846	91	1292	Same focus. Mod 91=Ventspils is wrong. Porter's canonical remap of vanilla 91 is 1292-Lwow (austria.txt:8785, czechoslovakia_mu.txt:1671, poland.txt:6115,6135-6136,7255); Lwow borders the USSR and sits between Stanislawow and the Soviet frontier. Hint's 1294-Tarnopol is adjacent to Lwow but not to any CZE state, so the Lwow anchor is required for a connected corridor.
common/national_focus/czechoslovakia_mu.txt	22672	411	411	CZE_within_the_eagles_nest "Within the Eagles Nest" (l_english.yml:593): adds intel collaborator modifier on German border states controlled by GER. Line is already porter-remapped (# was vanilla 65); mod 411=Delitzsch sits in Saxony-Anhalt/Saxony border region, coherent with sibling remaps 1773-Brueckenau(v54),1666-Glogau(v66),1658-Oppeln(v67). Keep 411; detector flagged stale-vanilla 411=Hormozgan which does not apply here. Only alternative is 353-Dessau if stricter Anhalt matching is desired.
common/national_focus/czechoslovakia_mu.txt	22711	411	411	Same as line 22672 (duplicated else-branch, no-LAR variant modifier CZE_enemy_intelligence_collaborators_no_lar). Keep 411.
common/national_focus/czechoslovakia_mu.txt	12802	89	1164	Extra: outside assigned line range but same stale vanilla ID in same focus's available block (POL must own the corridor states). Fix with 12845.
common/national_focus/czechoslovakia_mu.txt	12803	91	1292	Extra: outside assigned line range, same focus's available block. Fix with 12846.
common/national_focus/czechoslovakia_mu.txt	12824	89	1164	Extra: bypass trigger `89 = { NOT = { is_owned_by = POL } }` in same focus.
common/national_focus/czechoslovakia_mu.txt	12829	91	1292	Extra: bypass trigger `91 = { NOT = { is_owned_by = POL } }` in same focus.
events/MUN_Czechoslovakia.txt	1165	89	1164	Extra: event MUN_czech.1001 accept option `transfer_state = 89` performs the actual corridor handover; must match the focus remap 89->1164.
events/MUN_Czechoslovakia.txt	1166	91	1292	Extra: event MUN_czech.1001 accept option `transfer_state = 91`; must match the focus remap 91->1292.
