common/scripted_triggers/00_scripted_triggers_FR_loc.txt	2813	183
common/scripted_triggers/00_scripted_triggers_FR_loc.txt	2814	315
common/scripted_triggers/00_scripted_triggers_FR_loc.txt	2815	319
common/scripted_triggers/00_scripted_triggers_FR_loc.txt	2816	331
common/scripted_triggers/00_scripted_triggers_FR_loc.txt	2817	524
common/scripted_triggers/00_scripted_triggers_FR_loc.txt	2818	543
common/scripted_triggers/00_scripted_triggers_FR_loc.txt	2819	631
common/scripted_triggers/00_scripted_triggers_FR_loc.txt	2820	632
common/scripted_triggers/00_scripted_triggers_FR_loc.txt	2821	638
common/scripted_triggers/00_scripted_triggers_FR_loc.txt	2822	641
common/scripted_triggers/00_scripted_triggers_FR_loc.txt	2823	672
common/scripted_triggers/00_scripted_triggers_FR_loc.txt	2824	673
common/scripted_triggers/00_scripted_triggers_FR_loc.txt	2825	695
common/scripted_triggers/00_scripted_triggers_FR_loc.txt	2826	706
common/scripted_triggers/00_scripted_triggers_FR_loc.txt	2827	707
common/scripted_triggers/00_scripted_triggers_FR_loc.txt	2828	725
common/scripted_triggers/00_scripted_triggers_FR_loc.txt	2829	729
common/scripted_triggers/00_scripted_triggers_FR_loc.txt	2830	730
common/scripted_triggers/00_scripted_triggers_FR_loc.txt	2831	734
common/scripted_triggers/00_scripted_triggers_FR_loc.txt	2839	318
common/scripted_triggers/00_scripted_triggers_FR_loc.txt	2840	526
common/scripted_triggers/00_scripted_triggers_FR_loc.txt	2841	629
common/scripted_triggers/00_scripted_triggers_FR_loc.txt	2842	645
common/scripted_triggers/00_scripted_triggers_FR_loc.txt	2850	8
common/scripted_triggers/00_scripted_triggers_FR_loc.txt	2851	101
common/scripted_triggers/00_scripted_triggers_FR_loc.txt	2852	105
common/scripted_triggers/00_scripted_triggers_FR_loc.txt	2853	153
common/scripted_triggers/00_scripted_triggers_FR_loc.txt	2854	158
common/scripted_triggers/00_scripted_triggers_FR_loc.txt	2855	272
common/scripted_triggers/00_scripted_triggers_FR_loc.txt	2856	274
common/scripted_triggers/00_scripted_triggers_FR_loc.txt	2857	289
common/scripted_triggers/00_scripted_triggers_FR_loc.txt	2858	290
common/scripted_triggers/00_scripted_triggers_FR_loc.txt	2859	293
common/scripted_triggers/00_scripted_triggers_FR_loc.txt	2860	298
common/scripted_triggers/00_scripted_triggers_FR_loc.txt	2861	301
common/scripted_triggers/00_scripted_triggers_FR_loc.txt	2862	304
common/scripted_triggers/00_scripted_triggers_FR_loc.txt	2863	309
common/scripted_triggers/00_scripted_triggers_FR_loc.txt	2864	311
common/scripted_triggers/00_scripted_triggers_FR_loc.txt	2865	312
common/scripted_triggers/00_scripted_triggers_FR_loc.txt	2866	313
common/scripted_triggers/00_scripted_triggers_FR_loc.txt	2867	314
common/scripted_triggers/00_scripted_triggers_FR_loc.txt	2868	316
common/scripted_triggers/00_scripted_triggers_FR_loc.txt	2869	317
common/scripted_triggers/00_scripted_triggers_FR_loc.txt	2870	322
common/scripted_triggers/00_scripted_triggers_FR_loc.txt	2871	323
common/scripted_triggers/00_scripted_triggers_FR_loc.txt	2872	324
common/scripted_triggers/00_scripted_triggers_FR_loc.txt	2873	329
common/scripted_triggers/00_scripted_triggers_FR_loc.txt	2874	332
common/scripted_triggers/00_scripted_triggers_FR_loc.txt	2875	375
common/scripted_triggers/00_scripted_triggers_FR_loc.txt	2876	376
common/scripted_triggers/00_scripted_triggers_FR_loc.txt	2877	386
common/scripted_triggers/00_scripted_triggers_FR_loc.txt	2878	430
common/scripted_triggers/00_scripted_triggers_FR_loc.txt	2879	431
common/scripted_triggers/00_scripted_triggers_FR_loc.txt	2880	440
common/scripted_triggers/00_scripted_triggers_FR_loc.txt	2881	441
common/scripted_triggers/00_scripted_triggers_FR_loc.txt	2882	444
common/scripted_triggers/00_scripted_triggers_FR_loc.txt	2883	466
common/scripted_triggers/00_scripted_triggers_FR_loc.txt	2884	517
common/scripted_triggers/00_scripted_triggers_FR_loc.txt	2885	539
common/scripted_triggers/00_scripted_triggers_FR_loc.txt	2886	540
common/scripted_triggers/00_scripted_triggers_FR_loc.txt	2887	542
common/scripted_triggers/00_scripted_triggers_FR_loc.txt	2888	544
common/scripted_triggers/00_scripted_triggers_FR_loc.txt	2889	547
common/scripted_triggers/00_scripted_triggers_FR_loc.txt	2890	549
common/scripted_triggers/00_scripted_triggers_FR_loc.txt	2891	553
common/scripted_triggers/00_scripted_triggers_FR_loc.txt	2892	556
common/scripted_triggers/00_scripted_triggers_FR_loc.txt	2893	558
common/scripted_triggers/00_scripted_triggers_FR_loc.txt	2894	559
common/scripted_triggers/00_scripted_triggers_FR_loc.txt	2895	656
common/scripted_triggers/00_scripted_triggers_FR_loc.txt	2896	657
common/scripted_triggers/00_scripted_triggers_FR_loc.txt	2897	670
common/scripted_triggers/00_scripted_triggers_FR_loc.txt	2898	671
common/scripted_triggers/00_scripted_triggers_FR_loc.txt	2899	702
common/scripted_triggers/00_scripted_triggers_FR_loc.txt	2900	741
common/scripted_triggers/00_scripted_triggers_FR_loc.txt	2908	49
common/scripted_triggers/00_scripted_triggers_FR_loc.txt	2909	192
common/scripted_triggers/00_scripted_triggers_FR_loc.txt	2910	214
common/scripted_triggers/00_scripted_triggers_FR_loc.txt	2911	215
common/scripted_triggers/00_scripted_triggers_FR_loc.txt	2912	216
common/scripted_triggers/00_scripted_triggers_FR_loc.txt	2913	222
common/scripted_triggers/00_scripted_triggers_FR_loc.txt	2914	236
common/scripted_triggers/00_scripted_triggers_FR_loc.txt	2915	237
common/scripted_triggers/00_scripted_triggers_FR_loc.txt	2916	250
common/scripted_triggers/00_scripted_triggers_FR_loc.txt	2917	253
common/scripted_triggers/00_scripted_triggers_FR_loc.txt	2918	294
common/scripted_triggers/00_scripted_triggers_FR_loc.txt	2919	339
common/scripted_triggers/00_scripted_triggers_FR_loc.txt	2920	341
common/scripted_triggers/00_scripted_triggers_FR_loc.txt	2921	342
common/scripted_triggers/00_scripted_triggers_FR_loc.txt	2922	343
common/scripted_triggers/00_scripted_triggers_FR_loc.txt	2923	344
common/scripted_triggers/00_scripted_triggers_FR_loc.txt	2924	347
common/scripted_triggers/00_scripted_triggers_FR_loc.txt	2925	353
common/scripted_triggers/00_scripted_triggers_FR_loc.txt	2926	399
common/scripted_triggers/00_scripted_triggers_FR_loc.txt	2927	401
common/scripted_triggers/00_scripted_triggers_FR_loc.txt	2928	402
common/scripted_triggers/00_scripted_triggers_FR_loc.txt	2929	407
common/scripted_triggers/00_scripted_triggers_FR_loc.txt	2930	411
common/scripted_triggers/00_scripted_triggers_FR_loc.txt	2931	415
common/scripted_triggers/00_scripted_triggers_FR_loc.txt	2932	427
common/scripted_triggers/00_scripted_triggers_FR_loc.txt	2933	437
common/scripted_triggers/00_scripted_triggers_FR_loc.txt	2934	447
common/scripted_triggers/00_scripted_triggers_FR_loc.txt	2935	449
common/scripted_triggers/00_scripted_triggers_FR_loc.txt	2936	456
common/scripted_triggers/00_scripted_triggers_FR_loc.txt	2937	459
common/scripted_triggers/00_scripted_triggers_FR_loc.txt	2938	492
common/scripted_triggers/00_scripted_triggers_FR_loc.txt	2939	506
common/scripted_triggers/00_scripted_triggers_FR_loc.txt	2940	562
common/scripted_triggers/00_scripted_triggers_FR_loc.txt	2941	564
common/scripted_triggers/00_scripted_triggers_FR_loc.txt	2942	566
common/scripted_triggers/00_scripted_triggers_FR_loc.txt	2943	571
common/scripted_triggers/00_scripted_triggers_FR_loc.txt	2944	584
common/scripted_triggers/00_scripted_triggers_FR_loc.txt	2945	585
common/scripted_triggers/00_scripted_triggers_FR_loc.txt	2946	586
common/scripted_triggers/00_scripted_triggers_FR_loc.txt	2947	589
common/scripted_triggers/00_scripted_triggers_FR_loc.txt	2948	590
common/scripted_triggers/00_scripted_triggers_FR_loc.txt	2949	617
common/scripted_triggers/00_scripted_triggers_FR_loc.txt	2950	651
common/scripted_triggers/00_scripted_triggers_FR_loc.txt	2951	652
common/scripted_triggers/00_scripted_triggers_FR_loc.txt	2952	658
common/scripted_triggers/00_scripted_triggers_FR_loc.txt	2953	659
common/scripted_triggers/00_scripted_triggers_FR_loc.txt	2954	677
common/scripted_triggers/00_scripted_triggers_FR_loc.txt	2962	10
common/scripted_triggers/00_scripted_triggers_FR_loc.txt	2963	11
common/scripted_triggers/00_scripted_triggers_FR_loc.txt	2964	40
common/scripted_triggers/00_scripted_triggers_FR_loc.txt	2965	41
common/scripted_triggers/00_scripted_triggers_FR_loc.txt	2966	48
common/scripted_triggers/00_scripted_triggers_FR_loc.txt	2967	85
common/scripted_triggers/00_scripted_triggers_FR_loc.txt	2968	86
common/scripted_triggers/00_scripted_triggers_FR_loc.txt	2969	87
common/scripted_triggers/00_scripted_triggers_FR_loc.txt	2970	88
common/scripted_triggers/00_scripted_triggers_FR_loc.txt	2971	89
common/scripted_triggers/00_scripted_triggers_FR_loc.txt	2972	90
common/scripted_triggers/00_scripted_triggers_FR_loc.txt	2973	91
common/scripted_triggers/00_scripted_triggers_FR_loc.txt	2974	92
common/scripted_triggers/00_scripted_triggers_FR_loc.txt	2975	95
common/scripted_triggers/00_scripted_triggers_FR_loc.txt	2976	96
common/scripted_triggers/00_scripted_triggers_FR_loc.txt	2977	97
common/scripted_triggers/00_scripted_triggers_FR_loc.txt	2978	98
common/scripted_triggers/00_scripted_triggers_FR_loc.txt	2979	112
common/scripted_triggers/00_scripted_triggers_FR_loc.txt	2980	116
common/scripted_triggers/00_scripted_triggers_FR_loc.txt	2981	118
common/scripted_triggers/00_scripted_triggers_FR_loc.txt	2982	147
common/scripted_triggers/00_scripted_triggers_FR_loc.txt	2983	148
common/scripted_triggers/00_scripted_triggers_FR_loc.txt	2984	163
common/scripted_triggers/00_scripted_triggers_FR_loc.txt	2985	167
common/scripted_triggers/00_scripted_triggers_FR_loc.txt	2986	168
common/scripted_triggers/00_scripted_triggers_FR_loc.txt	2987	169
common/scripted_triggers/00_scripted_triggers_FR_loc.txt	2988	173
common/scripted_triggers/00_scripted_triggers_FR_loc.txt	2989	175
common/scripted_triggers/00_scripted_triggers_FR_loc.txt	2990	176
common/scripted_triggers/00_scripted_triggers_FR_loc.txt	2991	179
common/scripted_triggers/00_scripted_triggers_FR_loc.txt	2992	180
common/scripted_triggers/00_scripted_triggers_FR_loc.txt	2993	181
common/scripted_triggers/00_scripted_triggers_FR_loc.txt	2994	188
common/scripted_triggers/00_scripted_triggers_FR_loc.txt	2995	189
common/scripted_triggers/00_scripted_triggers_FR_loc.txt	2996	191
common/scripted_triggers/00_scripted_triggers_FR_loc.txt	2997	193
common/scripted_triggers/00_scripted_triggers_FR_loc.txt	2998	194
common/scripted_triggers/00_scripted_triggers_FR_loc.txt	2999	195
common/scripted_triggers/00_scripted_triggers_FR_loc.txt	3000	196
common/scripted_triggers/00_scripted_triggers_FR_loc.txt	3001	197
common/scripted_triggers/00_scripted_triggers_FR_loc.txt	3002	198
common/scripted_triggers/00_scripted_triggers_FR_loc.txt	3003	199
common/scripted_triggers/00_scripted_triggers_FR_loc.txt	3004	200
common/scripted_triggers/00_scripted_triggers_FR_loc.txt	3005	201
common/scripted_triggers/00_scripted_triggers_FR_loc.txt	3006	202
common/scripted_triggers/00_scripted_triggers_FR_loc.txt	3007	203
common/scripted_triggers/00_scripted_triggers_FR_loc.txt	3008	204
common/scripted_triggers/00_scripted_triggers_FR_loc.txt	3009	205
common/scripted_triggers/00_scripted_triggers_FR_loc.txt	3010	206
common/scripted_triggers/00_scripted_triggers_FR_loc.txt	3011	207
common/scripted_triggers/00_scripted_triggers_FR_loc.txt	3012	208
common/scripted_triggers/00_scripted_triggers_FR_loc.txt	3013	209
common/scripted_triggers/00_scripted_triggers_FR_loc.txt	3014	210
common/scripted_triggers/00_scripted_triggers_FR_loc.txt	3015	211
common/scripted_triggers/00_scripted_triggers_FR_loc.txt	3016	212
common/scripted_triggers/00_scripted_triggers_FR_loc.txt	3017	213
common/scripted_triggers/00_scripted_triggers_FR_loc.txt	3018	217
common/scripted_triggers/00_scripted_triggers_FR_loc.txt	3019	218
common/scripted_triggers/00_scripted_triggers_FR_loc.txt	3020	219
common/scripted_triggers/00_scripted_triggers_FR_loc.txt	3021	220
common/scripted_triggers/00_scripted_triggers_FR_loc.txt	3022	221
common/scripted_triggers/00_scripted_triggers_FR_loc.txt	3023	223
common/scripted_triggers/00_scripted_triggers_FR_loc.txt	3024	224
common/scripted_triggers/00_scripted_triggers_FR_loc.txt	3025	225
common/scripted_triggers/00_scripted_triggers_FR_loc.txt	3026	226
common/scripted_triggers/00_scripted_triggers_FR_loc.txt	3027	227
common/scripted_triggers/00_scripted_triggers_FR_loc.txt	3028	228
common/scripted_triggers/00_scripted_triggers_FR_loc.txt	3029	232
common/scripted_triggers/00_scripted_triggers_FR_loc.txt	3030	234
common/scripted_triggers/00_scripted_triggers_FR_loc.txt	3031	235
common/scripted_triggers/00_scripted_triggers_FR_loc.txt	3032	238
common/scripted_triggers/00_scripted_triggers_FR_loc.txt	3033	239
common/scripted_triggers/00_scripted_triggers_FR_loc.txt	3034	240
common/scripted_triggers/00_scripted_triggers_FR_loc.txt	3035	241
common/scripted_triggers/00_scripted_triggers_FR_loc.txt	3036	242
common/scripted_triggers/00_scripted_triggers_FR_loc.txt	3037	243
common/scripted_triggers/00_scripted_triggers_FR_loc.txt	3038	244
common/scripted_triggers/00_scripted_triggers_FR_loc.txt	3039	245
common/scripted_triggers/00_scripted_triggers_FR_loc.txt	3040	246
common/scripted_triggers/00_scripted_triggers_FR_loc.txt	3041	247
common/scripted_triggers/00_scripted_triggers_FR_loc.txt	3042	248
common/scripted_triggers/00_scripted_triggers_FR_loc.txt	3043	249
common/scripted_triggers/00_scripted_triggers_FR_loc.txt	3044	251
common/scripted_triggers/00_scripted_triggers_FR_loc.txt	3045	252
common/scripted_triggers/00_scripted_triggers_FR_loc.txt	3046	254
common/scripted_triggers/00_scripted_triggers_FR_loc.txt	3047	255
common/scripted_triggers/00_scripted_triggers_FR_loc.txt	3048	256
common/scripted_triggers/00_scripted_triggers_FR_loc.txt	3049	257
common/scripted_triggers/00_scripted_triggers_FR_loc.txt	3050	258
common/scripted_triggers/00_scripted_triggers_FR_loc.txt	3051	259
common/scripted_triggers/00_scripted_triggers_FR_loc.txt	3052	260
common/scripted_triggers/00_scripted_triggers_FR_loc.txt	3053	262
common/scripted_triggers/00_scripted_triggers_FR_loc.txt	3054	263
common/scripted_triggers/00_scripted_triggers_FR_loc.txt	3055	264
common/scripted_triggers/00_scripted_triggers_FR_loc.txt	3056	265
common/scripted_triggers/00_scripted_triggers_FR_loc.txt	3057	266
common/scripted_triggers/00_scripted_triggers_FR_loc.txt	3058	267
common/scripted_triggers/00_scripted_triggers_FR_loc.txt	3059	277
common/scripted_triggers/00_scripted_triggers_FR_loc.txt	3060	279
common/scripted_triggers/00_scripted_triggers_FR_loc.txt	3061	291
common/scripted_triggers/00_scripted_triggers_FR_loc.txt	3062	295
common/scripted_triggers/00_scripted_triggers_FR_loc.txt	3063	302
common/scripted_triggers/00_scripted_triggers_FR_loc.txt	3064	303
common/scripted_triggers/00_scripted_triggers_FR_loc.txt	3065	321
common/scripted_triggers/00_scripted_triggers_FR_loc.txt	3066	326
common/scripted_triggers/00_scripted_triggers_FR_loc.txt	3067	327
common/scripted_triggers/00_scripted_triggers_FR_loc.txt	3068	336
common/scripted_triggers/00_scripted_triggers_FR_loc.txt	3069	340
common/scripted_triggers/00_scripted_triggers_FR_loc.txt	3070	345
common/scripted_triggers/00_scripted_triggers_FR_loc.txt	3071	346
common/scripted_triggers/00_scripted_triggers_FR_loc.txt	3072	348
common/scripted_triggers/00_scripted_triggers_FR_loc.txt	3073	349
common/scripted_triggers/00_scripted_triggers_FR_loc.txt	3074	350
common/scripted_triggers/00_scripted_triggers_FR_loc.txt	3075	351
common/scripted_triggers/00_scripted_triggers_FR_loc.txt	3076	352
common/scripted_triggers/00_scripted_triggers_FR_loc.txt	3077	354
common/scripted_triggers/00_scripted_triggers_FR_loc.txt	3078	355
common/scripted_triggers/00_scripted_triggers_FR_loc.txt	3079	356
common/scripted_triggers/00_scripted_triggers_FR_loc.txt	3080	358
common/scripted_triggers/00_scripted_triggers_FR_loc.txt	3081	397
common/scripted_triggers/00_scripted_triggers_FR_loc.txt	3082	398
common/scripted_triggers/00_scripted_triggers_FR_loc.txt	3083	400
common/scripted_triggers/00_scripted_triggers_FR_loc.txt	3084	403
common/scripted_triggers/00_scripted_triggers_FR_loc.txt	3085	404
common/scripted_triggers/00_scripted_triggers_FR_loc.txt	3086	405
common/scripted_triggers/00_scripted_triggers_FR_loc.txt	3087	406
common/scripted_triggers/00_scripted_triggers_FR_loc.txt	3088	408
common/scripted_triggers/00_scripted_triggers_FR_loc.txt	3089	409
common/scripted_triggers/00_scripted_triggers_FR_loc.txt	3090	414
common/scripted_triggers/00_scripted_triggers_FR_loc.txt	3091	417
common/scripted_triggers/00_scripted_triggers_FR_loc.txt	3092	418
common/scripted_triggers/00_scripted_triggers_FR_loc.txt	3093	419
common/scripted_triggers/00_scripted_triggers_FR_loc.txt	3094	422
common/scripted_triggers/00_scripted_triggers_FR_loc.txt	3095	423
common/scripted_triggers/00_scripted_triggers_FR_loc.txt	3096	424
common/scripted_triggers/00_scripted_triggers_FR_loc.txt	3097	425
common/scripted_triggers/00_scripted_triggers_FR_loc.txt	3098	429
common/scripted_triggers/00_scripted_triggers_FR_loc.txt	3099	436
common/scripted_triggers/00_scripted_triggers_FR_loc.txt	3100	438
common/scripted_triggers/00_scripted_triggers_FR_loc.txt	3101	439
common/scripted_triggers/00_scripted_triggers_FR_loc.txt	3102	442
common/scripted_triggers/00_scripted_triggers_FR_loc.txt	3103	445
common/scripted_triggers/00_scripted_triggers_FR_loc.txt	3104	448
common/scripted_triggers/00_scripted_triggers_FR_loc.txt	3105	450
common/scripted_triggers/00_scripted_triggers_FR_loc.txt	3106	451
common/scripted_triggers/00_scripted_triggers_FR_loc.txt	3107	452
common/scripted_triggers/00_scripted_triggers_FR_loc.txt	3108	460
common/scripted_triggers/00_scripted_triggers_FR_loc.txt	3109	461
common/scripted_triggers/00_scripted_triggers_FR_loc.txt	3110	462
common/scripted_triggers/00_scripted_triggers_FR_loc.txt	3111	493
common/scripted_triggers/00_scripted_triggers_FR_loc.txt	3112	499
common/scripted_triggers/00_scripted_triggers_FR_loc.txt	3113	500
common/scripted_triggers/00_scripted_triggers_FR_loc.txt	3114	501
common/scripted_triggers/00_scripted_triggers_FR_loc.txt	3115	511
common/scripted_triggers/00_scripted_triggers_FR_loc.txt	3116	513
common/scripted_triggers/00_scripted_triggers_FR_loc.txt	3117	551
common/scripted_triggers/00_scripted_triggers_FR_loc.txt	3118	554
common/scripted_triggers/00_scripted_triggers_FR_loc.txt	3119	560
common/scripted_triggers/00_scripted_triggers_FR_loc.txt	3120	563
common/scripted_triggers/00_scripted_triggers_FR_loc.txt	3121	565
common/scripted_triggers/00_scripted_triggers_FR_loc.txt	3122	567
common/scripted_triggers/00_scripted_triggers_FR_loc.txt	3123	568
common/scripted_triggers/00_scripted_triggers_FR_loc.txt	3124	569
common/scripted_triggers/00_scripted_triggers_FR_loc.txt	3125	570
common/scripted_triggers/00_scripted_triggers_FR_loc.txt	3126	572
common/scripted_triggers/00_scripted_triggers_FR_loc.txt	3127	573
common/scripted_triggers/00_scripted_triggers_FR_loc.txt	3128	574
common/scripted_triggers/00_scripted_triggers_FR_loc.txt	3129	575
common/scripted_triggers/00_scripted_triggers_FR_loc.txt	3130	576
common/scripted_triggers/00_scripted_triggers_FR_loc.txt	3131	577
common/scripted_triggers/00_scripted_triggers_FR_loc.txt	3132	578
common/scripted_triggers/00_scripted_triggers_FR_loc.txt	3133	579
common/scripted_triggers/00_scripted_triggers_FR_loc.txt	3134	580
common/scripted_triggers/00_scripted_triggers_FR_loc.txt	3135	582
common/scripted_triggers/00_scripted_triggers_FR_loc.txt	3136	583
common/scripted_triggers/00_scripted_triggers_FR_loc.txt	3137	588
common/scripted_triggers/00_scripted_triggers_FR_loc.txt	3138	592
common/scripted_triggers/00_scripted_triggers_FR_loc.txt	3139	594
common/scripted_triggers/00_scripted_triggers_FR_loc.txt	3140	608
common/scripted_triggers/00_scripted_triggers_FR_loc.txt	3141	613
common/scripted_triggers/00_scripted_triggers_FR_loc.txt	3142	640
common/scripted_triggers/00_scripted_triggers_FR_loc.txt	3143	653
common/scripted_triggers/00_scripted_triggers_FR_loc.txt	3144	654
common/scripted_triggers/00_scripted_triggers_FR_loc.txt	3145	662
common/scripted_triggers/00_scripted_triggers_FR_loc.txt	3146	665
common/scripted_triggers/00_scripted_triggers_FR_loc.txt	3147	676
common/scripted_triggers/00_scripted_triggers_FR_loc.txt	3148	680
common/scripted_triggers/00_scripted_triggers_FR_loc.txt	3149	686
common/scripted_triggers/00_scripted_triggers_FR_loc.txt	3150	718
common/scripted_triggers/00_scripted_triggers_FR_loc.txt	3151	722
common/scripted_triggers/00_scripted_triggers_FR_loc.txt	3152	742
common/scripted_triggers/00_scripted_triggers_FR_loc.txt	3153	743
common/scripted_triggers/00_scripted_triggers_FR_loc.txt	3154	744
common/scripted_triggers/00_scripted_triggers_FR_loc.txt	3155	745
common/scripted_triggers/00_scripted_triggers_FR_loc.txt	3156	746
common/scripted_triggers/00_scripted_triggers_FR_loc.txt	3157	747
common/scripted_triggers/00_scripted_triggers_FR_loc.txt	3158	748
common/scripted_triggers/00_scripted_triggers_FR_loc.txt	3159	749
common/scripted_triggers/00_scripted_triggers_FR_loc.txt	3160	750
common/scripted_triggers/00_scripted_triggers_FR_loc.txt	3161	751
common/scripted_triggers/00_scripted_triggers_FR_loc.txt	3162	752
common/scripted_triggers/00_scripted_triggers_FR_loc.txt	3163	753
common/scripted_triggers/00_scripted_triggers_FR_loc.txt	3164	755
common/scripted_triggers/00_scripted_triggers_FR_loc.txt	3165	756
common/scripted_triggers/00_scripted_triggers_FR_loc.txt	3166	757
common/scripted_triggers/00_scripted_triggers_FR_loc.txt	3167	758
common/scripted_triggers/00_scripted_triggers_FR_loc.txt	3168	760
common/scripted_triggers/00_scripted_triggers_FR_loc.txt	3169	761
common/scripted_triggers/00_scripted_triggers_FR_loc.txt	3170	762
common/scripted_triggers/00_scripted_triggers_FR_loc.txt	3171	763
common/scripted_triggers/00_scripted_triggers_FR_loc.txt	3172	782
common/scripted_triggers/00_scripted_triggers_FR_loc.txt	3173	783
common/scripted_triggers/00_scripted_triggers_FR_loc.txt	3174	784
common/scripted_triggers/00_scripted_triggers_FR_loc.txt	3175	788
common/scripted_triggers/00_scripted_triggers_FR_loc.txt	3176	789
common/scripted_triggers/00_scripted_triggers_FR_loc.txt	3177	791
common/scripted_triggers/00_scripted_triggers_FR_loc.txt	3178	793
common/scripted_triggers/00_scripted_triggers_FR_loc.txt	3179	795
common/scripted_triggers/00_scripted_triggers_FR_loc.txt	3180	446
common/scripted_triggers/00_scripted_triggers_FR_loc.txt	3181	681
common/scripted_triggers/00_scripted_triggers_FR_loc.txt	3189	177
common/scripted_triggers/00_scripted_triggers_FR_loc.txt	3190	178
common/scripted_triggers/00_scripted_triggers_FR_loc.txt	3191	281
common/scripted_triggers/00_scripted_triggers_FR_loc.txt	3192	299
common/scripted_triggers/00_scripted_triggers_FR_loc.txt	3193	647
common/scripted_triggers/00_scripted_triggers_FR_loc.txt	3194	649
common/scripted_triggers/00_scripted_triggers_FR_loc.txt	3195	668
common/scripted_triggers/00_scripted_triggers_FR_loc.txt	3196	754
common/scripted_triggers/00_scripted_triggers_FR_loc.txt	3207	68
common/scripted_triggers/00_scripted_triggers_FR_loc.txt	3208	111
common/scripted_triggers/00_scripted_triggers_FR_loc.txt	3209	136
common/scripted_triggers/00_scripted_triggers_FR_loc.txt	3210	154
common/scripted_triggers/00_scripted_triggers_FR_loc.txt	3211	380
common/scripted_triggers/00_scripted_triggers_FR_loc.txt	3212	385
common/scripted_triggers/00_scripted_triggers_FR_loc.txt	3213	387
common/scripted_triggers/00_scripted_triggers_FR_loc.txt	3214	395
common/scripted_triggers/00_scripted_triggers_FR_loc.txt	3215	396
common/scripted_triggers/00_scripted_triggers_FR_loc.txt	3216	494
common/scripted_triggers/00_scripted_triggers_FR_loc.txt	3217	495
common/scripted_triggers/00_scripted_triggers_FR_loc.txt	3218	504
common/scripted_triggers/00_scripted_triggers_FR_loc.txt	3219	561
common/scripted_triggers/00_scripted_triggers_FR_loc.txt	3220	581
common/scripted_triggers/00_scripted_triggers_FR_loc.txt	3221	606
common/scripted_triggers/00_scripted_triggers_FR_loc.txt	3222	682
common/scripted_triggers/00_scripted_triggers_FR_loc.txt	3230	30
common/scripted_triggers/00_scripted_triggers_FR_loc.txt	3231	278
common/scripted_triggers/00_scripted_triggers_FR_loc.txt	3239	2
common/scripted_triggers/00_scripted_triggers_FR_loc.txt	3240	12
common/scripted_triggers/00_scripted_triggers_FR_loc.txt	3241	13
common/scripted_triggers/00_scripted_triggers_FR_loc.txt	3242	20
common/scripted_triggers/00_scripted_triggers_FR_loc.txt	3243	22
common/scripted_triggers/00_scripted_triggers_FR_loc.txt	3244	23
common/scripted_triggers/00_scripted_triggers_FR_loc.txt	3245	24
common/scripted_triggers/00_scripted_triggers_FR_loc.txt	3246	25
common/scripted_triggers/00_scripted_triggers_FR_loc.txt	3247	29
common/scripted_triggers/00_scripted_triggers_FR_loc.txt	3248	33
common/scripted_triggers/00_scripted_triggers_FR_loc.txt	3249	35
common/scripted_triggers/00_scripted_triggers_FR_loc.txt	3250	37
common/scripted_triggers/00_scripted_triggers_FR_loc.txt	3251	38
common/scripted_triggers/00_scripted_triggers_FR_loc.txt	3252	39
common/scripted_triggers/00_scripted_triggers_FR_loc.txt	3253	42
common/scripted_triggers/00_scripted_triggers_FR_loc.txt	3254	50
common/scripted_triggers/00_scripted_triggers_FR_loc.txt	3255	58
common/scripted_triggers/00_scripted_triggers_FR_loc.txt	3256	59
common/scripted_triggers/00_scripted_triggers_FR_loc.txt	3257	61
common/scripted_triggers/00_scripted_triggers_FR_loc.txt	3258	64
common/scripted_triggers/00_scripted_triggers_FR_loc.txt	3259	82
common/scripted_triggers/00_scripted_triggers_FR_loc.txt	3260	99
common/scripted_triggers/00_scripted_triggers_FR_loc.txt	3261	113
common/scripted_triggers/00_scripted_triggers_FR_loc.txt	3262	121
common/scripted_triggers/00_scripted_triggers_FR_loc.txt	3263	122
common/scripted_triggers/00_scripted_triggers_FR_loc.txt	3264	126
common/scripted_triggers/00_scripted_triggers_FR_loc.txt	3265	127
common/scripted_triggers/00_scripted_triggers_FR_loc.txt	3266	130
common/scripted_triggers/00_scripted_triggers_FR_loc.txt	3267	131
common/scripted_triggers/00_scripted_triggers_FR_loc.txt	3268	132
common/scripted_triggers/00_scripted_triggers_FR_loc.txt	3269	133
common/scripted_triggers/00_scripted_triggers_FR_loc.txt	3270	134
common/scripted_triggers/00_scripted_triggers_FR_loc.txt	3271	135
common/scripted_triggers/00_scripted_triggers_FR_loc.txt	3272	139
common/scripted_triggers/00_scripted_triggers_FR_loc.txt	3273	140
common/scripted_triggers/00_scripted_triggers_FR_loc.txt	3274	141
common/scripted_triggers/00_scripted_triggers_FR_loc.txt	3275	142
common/scripted_triggers/00_scripted_triggers_FR_loc.txt	3276	143
common/scripted_triggers/00_scripted_triggers_FR_loc.txt	3277	144
common/scripted_triggers/00_scripted_triggers_FR_loc.txt	3278	164
common/scripted_triggers/00_scripted_triggers_FR_loc.txt	3279	174
common/scripted_triggers/00_scripted_triggers_FR_loc.txt	3280	186
common/scripted_triggers/00_scripted_triggers_FR_loc.txt	3281	273
common/scripted_triggers/00_scripted_triggers_FR_loc.txt	3282	275
common/scripted_triggers/00_scripted_triggers_FR_loc.txt	3283	276
common/scripted_triggers/00_scripted_triggers_FR_loc.txt	3284	280
common/scripted_triggers/00_scripted_triggers_FR_loc.txt	3285	282
common/scripted_triggers/00_scripted_triggers_FR_loc.txt	3286	283
common/scripted_triggers/00_scripted_triggers_FR_loc.txt	3287	287
common/scripted_triggers/00_scripted_triggers_FR_loc.txt	3288	292
common/scripted_triggers/00_scripted_triggers_FR_loc.txt	3289	306
common/scripted_triggers/00_scripted_triggers_FR_loc.txt	3290	307
common/scripted_triggers/00_scripted_triggers_FR_loc.txt	3291	325
common/scripted_triggers/00_scripted_triggers_FR_loc.txt	3292	328
common/scripted_triggers/00_scripted_triggers_FR_loc.txt	3293	338
common/scripted_triggers/00_scripted_triggers_FR_loc.txt	3294	359
common/scripted_triggers/00_scripted_triggers_FR_loc.txt	3295	361
common/scripted_triggers/00_scripted_triggers_FR_loc.txt	3296	368
common/scripted_triggers/00_scripted_triggers_FR_loc.txt	3297	369
common/scripted_triggers/00_scripted_triggers_FR_loc.txt	3298	370
common/scripted_triggers/00_scripted_triggers_FR_loc.txt	3299	373
common/scripted_triggers/00_scripted_triggers_FR_loc.txt	3300	379
common/scripted_triggers/00_scripted_triggers_FR_loc.txt	3301	381
common/scripted_triggers/00_scripted_triggers_FR_loc.txt	3302	382
common/scripted_triggers/00_scripted_triggers_FR_loc.txt	3303	383
common/scripted_triggers/00_scripted_triggers_FR_loc.txt	3304	384
common/scripted_triggers/00_scripted_triggers_FR_loc.txt	3305	388
common/scripted_triggers/00_scripted_triggers_FR_loc.txt	3306	389
common/scripted_triggers/00_scripted_triggers_FR_loc.txt	3307	390
common/scripted_triggers/00_scripted_triggers_FR_loc.txt	3308	391
common/scripted_triggers/00_scripted_triggers_FR_loc.txt	3309	393
common/scripted_triggers/00_scripted_triggers_FR_loc.txt	3310	394
common/scripted_triggers/00_scripted_triggers_FR_loc.txt	3311	410
common/scripted_triggers/00_scripted_triggers_FR_loc.txt	3312	412
common/scripted_triggers/00_scripted_triggers_FR_loc.txt	3313	413
common/scripted_triggers/00_scripted_triggers_FR_loc.txt	3314	416
common/scripted_triggers/00_scripted_triggers_FR_loc.txt	3315	420
common/scripted_triggers/00_scripted_triggers_FR_loc.txt	3316	421
common/scripted_triggers/00_scripted_triggers_FR_loc.txt	3317	428
common/scripted_triggers/00_scripted_triggers_FR_loc.txt	3318	433
common/scripted_triggers/00_scripted_triggers_FR_loc.txt	3319	435
common/scripted_triggers/00_scripted_triggers_FR_loc.txt	3320	443
common/scripted_triggers/00_scripted_triggers_FR_loc.txt	3321	453
common/scripted_triggers/00_scripted_triggers_FR_loc.txt	3322	457
common/scripted_triggers/00_scripted_triggers_FR_loc.txt	3323	465
common/scripted_triggers/00_scripted_triggers_FR_loc.txt	3324	467
common/scripted_triggers/00_scripted_triggers_FR_loc.txt	3325	468
common/scripted_triggers/00_scripted_triggers_FR_loc.txt	3326	471
common/scripted_triggers/00_scripted_triggers_FR_loc.txt	3327	472
common/scripted_triggers/00_scripted_triggers_FR_loc.txt	3328	474
common/scripted_triggers/00_scripted_triggers_FR_loc.txt	3329	475
common/scripted_triggers/00_scripted_triggers_FR_loc.txt	3330	476
common/scripted_triggers/00_scripted_triggers_FR_loc.txt	3331	477
common/scripted_triggers/00_scripted_triggers_FR_loc.txt	3332	478
common/scripted_triggers/00_scripted_triggers_FR_loc.txt	3333	479
common/scripted_triggers/00_scripted_triggers_FR_loc.txt	3334	480
common/scripted_triggers/00_scripted_triggers_FR_loc.txt	3335	481
common/scripted_triggers/00_scripted_triggers_FR_loc.txt	3336	482
common/scripted_triggers/00_scripted_triggers_FR_loc.txt	3337	483
common/scripted_triggers/00_scripted_triggers_FR_loc.txt	3338	485
common/scripted_triggers/00_scripted_triggers_FR_loc.txt	3339	486
common/scripted_triggers/00_scripted_triggers_FR_loc.txt	3340	487
common/scripted_triggers/00_scripted_triggers_FR_loc.txt	3341	488
common/scripted_triggers/00_scripted_triggers_FR_loc.txt	3342	489
common/scripted_triggers/00_scripted_triggers_FR_loc.txt	3343	490
common/scripted_triggers/00_scripted_triggers_FR_loc.txt	3344	491
common/scripted_triggers/00_scripted_triggers_FR_loc.txt	3345	496
common/scripted_triggers/00_scripted_triggers_FR_loc.txt	3346	497
common/scripted_triggers/00_scripted_triggers_FR_loc.txt	3347	498
common/scripted_triggers/00_scripted_triggers_FR_loc.txt	3348	502
common/scripted_triggers/00_scripted_triggers_FR_loc.txt	3349	503
common/scripted_triggers/00_scripted_triggers_FR_loc.txt	3350	505
common/scripted_triggers/00_scripted_triggers_FR_loc.txt	3351	508
common/scripted_triggers/00_scripted_triggers_FR_loc.txt	3352	509
common/scripted_triggers/00_scripted_triggers_FR_loc.txt	3353	514
common/scripted_triggers/00_scripted_triggers_FR_loc.txt	3354	515
common/scripted_triggers/00_scripted_triggers_FR_loc.txt	3355	520
common/scripted_triggers/00_scripted_triggers_FR_loc.txt	3356	521
common/scripted_triggers/00_scripted_triggers_FR_loc.txt	3357	531
common/scripted_triggers/00_scripted_triggers_FR_loc.txt	3358	532
common/scripted_triggers/00_scripted_triggers_FR_loc.txt	3359	533
common/scripted_triggers/00_scripted_triggers_FR_loc.txt	3360	534
common/scripted_triggers/00_scripted_triggers_FR_loc.txt	3361	535
common/scripted_triggers/00_scripted_triggers_FR_loc.txt	3362	538
common/scripted_triggers/00_scripted_triggers_FR_loc.txt	3363	541
common/scripted_triggers/00_scripted_triggers_FR_loc.txt	3364	546
common/scripted_triggers/00_scripted_triggers_FR_loc.txt	3365	552
common/scripted_triggers/00_scripted_triggers_FR_loc.txt	3366	591
common/scripted_triggers/00_scripted_triggers_FR_loc.txt	3367	593
common/scripted_triggers/00_scripted_triggers_FR_loc.txt	3368	595
common/scripted_triggers/00_scripted_triggers_FR_loc.txt	3369	596
common/scripted_triggers/00_scripted_triggers_FR_loc.txt	3370	597
common/scripted_triggers/00_scripted_triggers_FR_loc.txt	3371	598
common/scripted_triggers/00_scripted_triggers_FR_loc.txt	3372	599
common/scripted_triggers/00_scripted_triggers_FR_loc.txt	3373	600
common/scripted_triggers/00_scripted_triggers_FR_loc.txt	3374	601
common/scripted_triggers/00_scripted_triggers_FR_loc.txt	3375	602
common/scripted_triggers/00_scripted_triggers_FR_loc.txt	3376	603
common/scripted_triggers/00_scripted_triggers_FR_loc.txt	3377	604
common/scripted_triggers/00_scripted_triggers_FR_loc.txt	3378	605
common/scripted_triggers/00_scripted_triggers_FR_loc.txt	3379	607
common/scripted_triggers/00_scripted_triggers_FR_loc.txt	3380	609
common/scripted_triggers/00_scripted_triggers_FR_loc.txt	3381	610
common/scripted_triggers/00_scripted_triggers_FR_loc.txt	3382	611
common/scripted_triggers/00_scripted_triggers_FR_loc.txt	3383	612
common/scripted_triggers/00_scripted_triggers_FR_loc.txt	3384	614
common/scripted_triggers/00_scripted_triggers_FR_loc.txt	3385	615
common/scripted_triggers/00_scripted_triggers_FR_loc.txt	3386	616
common/scripted_triggers/00_scripted_triggers_FR_loc.txt	3387	619
common/scripted_triggers/00_scripted_triggers_FR_loc.txt	3388	620
common/scripted_triggers/00_scripted_triggers_FR_loc.txt	3389	621
common/scripted_triggers/00_scripted_triggers_FR_loc.txt	3390	622
common/scripted_triggers/00_scripted_triggers_FR_loc.txt	3391	637
common/scripted_triggers/00_scripted_triggers_FR_loc.txt	3392	675
common/scripted_triggers/00_scripted_triggers_FR_loc.txt	3393	678
common/scripted_triggers/00_scripted_triggers_FR_loc.txt	3394	679
common/scripted_triggers/00_scripted_triggers_FR_loc.txt	3395	683
common/scripted_triggers/00_scripted_triggers_FR_loc.txt	3396	685
common/scripted_triggers/00_scripted_triggers_FR_loc.txt	3397	688
common/scripted_triggers/00_scripted_triggers_FR_loc.txt	3398	699
common/scripted_triggers/00_scripted_triggers_FR_loc.txt	3399	714
common/scripted_triggers/00_scripted_triggers_FR_loc.txt	3400	715
common/scripted_triggers/00_scripted_triggers_FR_loc.txt	3401	716
common/scripted_triggers/00_scripted_triggers_FR_loc.txt	3402	717
common/scripted_triggers/00_scripted_triggers_FR_loc.txt	3403	719
common/scripted_triggers/00_scripted_triggers_FR_loc.txt	3404	721
common/scripted_triggers/00_scripted_triggers_FR_loc.txt	3405	728
common/scripted_triggers/00_scripted_triggers_FR_loc.txt	3406	732
common/scripted_triggers/00_scripted_triggers_FR_loc.txt	3407	759
common/scripted_triggers/00_scripted_triggers_FR_loc.txt	3408	764
common/scripted_triggers/00_scripted_triggers_FR_loc.txt	3409	765
common/scripted_triggers/00_scripted_triggers_FR_loc.txt	3410	767
common/scripted_triggers/00_scripted_triggers_FR_loc.txt	3411	768
common/scripted_triggers/00_scripted_triggers_FR_loc.txt	3412	769
common/scripted_triggers/00_scripted_triggers_FR_loc.txt	3413	770
common/scripted_triggers/00_scripted_triggers_FR_loc.txt	3414	772
common/scripted_triggers/00_scripted_triggers_FR_loc.txt	3415	773
common/scripted_triggers/00_scripted_triggers_FR_loc.txt	3416	774
common/scripted_triggers/00_scripted_triggers_FR_loc.txt	3417	775
common/scripted_triggers/00_scripted_triggers_FR_loc.txt	3418	776
common/scripted_triggers/00_scripted_triggers_FR_loc.txt	3419	777
common/scripted_triggers/00_scripted_triggers_FR_loc.txt	3420	781
common/scripted_triggers/00_scripted_triggers_FR_loc.txt	3421	786
common/scripted_triggers/00_scripted_triggers_FR_loc.txt	3422	787
common/scripted_triggers/00_scripted_triggers_FR_loc.txt	3423	792
common/scripted_triggers/00_scripted_triggers_FR_loc.txt	3424	796
common/scripted_triggers/00_scripted_triggers_FR_loc.txt	3432	6
common/scripted_triggers/00_scripted_triggers_FR_loc.txt	3433	32
common/scripted_triggers/00_scripted_triggers_FR_loc.txt	3434	69
common/scripted_triggers/00_scripted_triggers_FR_loc.txt	3435	972
common/scripted_triggers/00_scripted_triggers_FR_loc.txt	3436	74
common/scripted_triggers/00_scripted_triggers_FR_loc.txt	3437	120
common/scripted_triggers/00_scripted_triggers_FR_loc.txt	3438	128
common/scripted_triggers/00_scripted_triggers_FR_loc.txt	3439	129
common/scripted_triggers/00_scripted_triggers_FR_loc.txt	3440	157
common/scripted_triggers/00_scripted_triggers_FR_loc.txt	3441	187
common/scripted_triggers/00_scripted_triggers_FR_loc.txt	3442	233
common/scripted_triggers/00_scripted_triggers_FR_loc.txt	3443	270
common/scripted_triggers/00_scripted_triggers_FR_loc.txt	3444	308
common/scripted_triggers/00_scripted_triggers_FR_loc.txt	3445	337
common/scripted_triggers/00_scripted_triggers_FR_loc.txt	3446	555
common/scripted_triggers/00_scripted_triggers_FR_loc.txt	3447	624
common/scripted_triggers/00_scripted_triggers_FR_loc.txt	3448	633
common/scripted_triggers/00_scripted_triggers_FR_loc.txt	3449	634
common/scripted_triggers/00_scripted_triggers_FR_loc.txt	3450	636
common/scripted_triggers/00_scripted_triggers_FR_loc.txt	3451	639
common/scripted_triggers/00_scripted_triggers_FR_loc.txt	3452	642
common/scripted_triggers/00_scripted_triggers_FR_loc.txt	3453	643
common/scripted_triggers/00_scripted_triggers_FR_loc.txt	3454	667
common/scripted_triggers/00_scripted_triggers_FR_loc.txt	3455	684
common/scripted_triggers/00_scripted_triggers_FR_loc.txt	3456	690
common/scripted_triggers/00_scripted_triggers_FR_loc.txt	3457	692
common/scripted_triggers/00_scripted_triggers_FR_loc.txt	3458	693
common/scripted_triggers/00_scripted_triggers_FR_loc.txt	3459	694
common/scripted_triggers/00_scripted_triggers_FR_loc.txt	3460	696
common/scripted_triggers/00_scripted_triggers_FR_loc.txt	3461	698
common/scripted_triggers/00_scripted_triggers_FR_loc.txt	3462	708
common/scripted_triggers/00_scripted_triggers_FR_loc.txt	3463	709
common/scripted_triggers/00_scripted_triggers_FR_loc.txt	3464	712
common/scripted_triggers/00_scripted_triggers_FR_loc.txt	3465	713
common/scripted_triggers/00_scripted_triggers_FR_loc.txt	3466	726
common/scripted_triggers/00_scripted_triggers_FR_loc.txt	3467	727
common/scripted_triggers/00_scripted_triggers_FR_loc.txt	3468	733
common/scripted_triggers/00_scripted_triggers_FR_loc.txt	3469	738
common/scripted_triggers/00_scripted_triggers_FR_loc.txt	3470	739
common/scripted_triggers/00_scripted_triggers_FR_loc.txt	3471	790
common/scripted_triggers/00_scripted_triggers_FR_loc.txt	3479	31
common/scripted_triggers/00_scripted_triggers_FR_loc.txt	3480	507
common/scripted_triggers/00_scripted_triggers_FR_loc.txt	3481	529
common/scripted_triggers/00_scripted_triggers_FR_loc.txt	3489	1
common/scripted_triggers/00_scripted_triggers_FR_loc.txt	3490	3
common/scripted_triggers/00_scripted_triggers_FR_loc.txt	3491	4
common/scripted_triggers/00_scripted_triggers_FR_loc.txt	3492	7
common/scripted_triggers/00_scripted_triggers_FR_loc.txt	3493	9
common/scripted_triggers/00_scripted_triggers_FR_loc.txt	3494	14
common/scripted_triggers/00_scripted_triggers_FR_loc.txt	3495	15
common/scripted_triggers/00_scripted_triggers_FR_loc.txt	3496	17
common/scripted_triggers/00_scripted_triggers_FR_loc.txt	3497	18
common/scripted_triggers/00_scripted_triggers_FR_loc.txt	3498	21
common/scripted_triggers/00_scripted_triggers_FR_loc.txt	3499	27
common/scripted_triggers/00_scripted_triggers_FR_loc.txt	3500	34
common/scripted_triggers/00_scripted_triggers_FR_loc.txt	3501	36
common/scripted_triggers/00_scripted_triggers_FR_loc.txt	3502	43
common/scripted_triggers/00_scripted_triggers_FR_loc.txt	3503	45
common/scripted_triggers/00_scripted_triggers_FR_loc.txt	3504	46
common/scripted_triggers/00_scripted_triggers_FR_loc.txt	3505	47
common/scripted_triggers/00_scripted_triggers_FR_loc.txt	3506	51
common/scripted_triggers/00_scripted_triggers_FR_loc.txt	3507	52
common/scripted_triggers/00_scripted_triggers_FR_loc.txt	3508	53
common/scripted_triggers/00_scripted_triggers_FR_loc.txt	3509	54
common/scripted_triggers/00_scripted_triggers_FR_loc.txt	3510	55
common/scripted_triggers/00_scripted_triggers_FR_loc.txt	3511	56
common/scripted_triggers/00_scripted_triggers_FR_loc.txt	3512	57
common/scripted_triggers/00_scripted_triggers_FR_loc.txt	3513	60
common/scripted_triggers/00_scripted_triggers_FR_loc.txt	3514	62
common/scripted_triggers/00_scripted_triggers_FR_loc.txt	3515	63
common/scripted_triggers/00_scripted_triggers_FR_loc.txt	3516	65
common/scripted_triggers/00_scripted_triggers_FR_loc.txt	3517	66
common/scripted_triggers/00_scripted_triggers_FR_loc.txt	3518	67
common/scripted_triggers/00_scripted_triggers_FR_loc.txt	3519	70
common/scripted_triggers/00_scripted_triggers_FR_loc.txt	3520	71
common/scripted_triggers/00_scripted_triggers_FR_loc.txt	3521	72
common/scripted_triggers/00_scripted_triggers_FR_loc.txt	3522	73
common/scripted_triggers/00_scripted_triggers_FR_loc.txt	3523	75
common/scripted_triggers/00_scripted_triggers_FR_loc.txt	3524	76
common/scripted_triggers/00_scripted_triggers_FR_loc.txt	3525	77
common/scripted_triggers/00_scripted_triggers_FR_loc.txt	3526	78
common/scripted_triggers/00_scripted_triggers_FR_loc.txt	3527	79
common/scripted_triggers/00_scripted_triggers_FR_loc.txt	3528	80
common/scripted_triggers/00_scripted_triggers_FR_loc.txt	3529	83
common/scripted_triggers/00_scripted_triggers_FR_loc.txt	3530	84
common/scripted_triggers/00_scripted_triggers_FR_loc.txt	3531	93
common/scripted_triggers/00_scripted_triggers_FR_loc.txt	3532	94
common/scripted_triggers/00_scripted_triggers_FR_loc.txt	3533	102
common/scripted_triggers/00_scripted_triggers_FR_loc.txt	3534	103
common/scripted_triggers/00_scripted_triggers_FR_loc.txt	3535	104
common/scripted_triggers/00_scripted_triggers_FR_loc.txt	3536	106
common/scripted_triggers/00_scripted_triggers_FR_loc.txt	3537	107
common/scripted_triggers/00_scripted_triggers_FR_loc.txt	3538	108
common/scripted_triggers/00_scripted_triggers_FR_loc.txt	3539	109
common/scripted_triggers/00_scripted_triggers_FR_loc.txt	3540	114
common/scripted_triggers/00_scripted_triggers_FR_loc.txt	3541	115
common/scripted_triggers/00_scripted_triggers_FR_loc.txt	3542	117
common/scripted_triggers/00_scripted_triggers_FR_loc.txt	3543	137
common/scripted_triggers/00_scripted_triggers_FR_loc.txt	3544	138
common/scripted_triggers/00_scripted_triggers_FR_loc.txt	3545	146
common/scripted_triggers/00_scripted_triggers_FR_loc.txt	3546	150
common/scripted_triggers/00_scripted_triggers_FR_loc.txt	3547	151
common/scripted_triggers/00_scripted_triggers_FR_loc.txt	3548	152
common/scripted_triggers/00_scripted_triggers_FR_loc.txt	3549	155
common/scripted_triggers/00_scripted_triggers_FR_loc.txt	3550	156
common/scripted_triggers/00_scripted_triggers_FR_loc.txt	3551	159
common/scripted_triggers/00_scripted_triggers_FR_loc.txt	3552	160
common/scripted_triggers/00_scripted_triggers_FR_loc.txt	3553	162
common/scripted_triggers/00_scripted_triggers_FR_loc.txt	3554	165
common/scripted_triggers/00_scripted_triggers_FR_loc.txt	3555	171
common/scripted_triggers/00_scripted_triggers_FR_loc.txt	3556	172
common/scripted_triggers/00_scripted_triggers_FR_loc.txt	3557	182
common/scripted_triggers/00_scripted_triggers_FR_loc.txt	3558	184
common/scripted_triggers/00_scripted_triggers_FR_loc.txt	3559	190
common/scripted_triggers/00_scripted_triggers_FR_loc.txt	3560	231
common/scripted_triggers/00_scripted_triggers_FR_loc.txt	3561	268
common/scripted_triggers/00_scripted_triggers_FR_loc.txt	3562	269
common/scripted_triggers/00_scripted_triggers_FR_loc.txt	3563	285
common/scripted_triggers/00_scripted_triggers_FR_loc.txt	3564	286
common/scripted_triggers/00_scripted_triggers_FR_loc.txt	3565	288
common/scripted_triggers/00_scripted_triggers_FR_loc.txt	3566	296
common/scripted_triggers/00_scripted_triggers_FR_loc.txt	3567	297
common/scripted_triggers/00_scripted_triggers_FR_loc.txt	3568	310
common/scripted_triggers/00_scripted_triggers_FR_loc.txt	3569	330
common/scripted_triggers/00_scripted_triggers_FR_loc.txt	3570	357
common/scripted_triggers/00_scripted_triggers_FR_loc.txt	3571	360
common/scripted_triggers/00_scripted_triggers_FR_loc.txt	3572	362
common/scripted_triggers/00_scripted_triggers_FR_loc.txt	3573	363
common/scripted_triggers/00_scripted_triggers_FR_loc.txt	3574	364
common/scripted_triggers/00_scripted_triggers_FR_loc.txt	3575	365
common/scripted_triggers/00_scripted_triggers_FR_loc.txt	3576	366
common/scripted_triggers/00_scripted_triggers_FR_loc.txt	3577	371
common/scripted_triggers/00_scripted_triggers_FR_loc.txt	3578	378
common/scripted_triggers/00_scripted_triggers_FR_loc.txt	3579	454
common/scripted_triggers/00_scripted_triggers_FR_loc.txt	3580	455
common/scripted_triggers/00_scripted_triggers_FR_loc.txt	3581	458
common/scripted_triggers/00_scripted_triggers_FR_loc.txt	3582	464
common/scripted_triggers/00_scripted_triggers_FR_loc.txt	3583	469
common/scripted_triggers/00_scripted_triggers_FR_loc.txt	3584	473
common/scripted_triggers/00_scripted_triggers_FR_loc.txt	3585	484
common/scripted_triggers/00_scripted_triggers_FR_loc.txt	3586	510
common/scripted_triggers/00_scripted_triggers_FR_loc.txt	3587	512
common/scripted_triggers/00_scripted_triggers_FR_loc.txt	3588	516
common/scripted_triggers/00_scripted_triggers_FR_loc.txt	3589	518
common/scripted_triggers/00_scripted_triggers_FR_loc.txt	3590	523
common/scripted_triggers/00_scripted_triggers_FR_loc.txt	3591	525
common/scripted_triggers/00_scripted_triggers_FR_loc.txt	3592	527
common/scripted_triggers/00_scripted_triggers_FR_loc.txt	3593	537
common/scripted_triggers/00_scripted_triggers_FR_loc.txt	3594	545
common/scripted_triggers/00_scripted_triggers_FR_loc.txt	3595	557
common/scripted_triggers/00_scripted_triggers_FR_loc.txt	3596	618
common/scripted_triggers/00_scripted_triggers_FR_loc.txt	3597	635
common/scripted_triggers/00_scripted_triggers_FR_loc.txt	3598	644
common/scripted_triggers/00_scripted_triggers_FR_loc.txt	3599	655
common/scripted_triggers/00_scripted_triggers_FR_loc.txt	3600	661
common/scripted_triggers/00_scripted_triggers_FR_loc.txt	3601	663
common/scripted_triggers/00_scripted_triggers_FR_loc.txt	3602	664
common/scripted_triggers/00_scripted_triggers_FR_loc.txt	3603	666
common/scripted_triggers/00_scripted_triggers_FR_loc.txt	3604	669
common/scripted_triggers/00_scripted_triggers_FR_loc.txt	3605	687
common/scripted_triggers/00_scripted_triggers_FR_loc.txt	3606	689
common/scripted_triggers/00_scripted_triggers_FR_loc.txt	3607	691
common/scripted_triggers/00_scripted_triggers_FR_loc.txt	3608	700
common/scripted_triggers/00_scripted_triggers_FR_loc.txt	3609	701
common/scripted_triggers/00_scripted_triggers_FR_loc.txt	3610	720
common/scripted_triggers/00_scripted_triggers_FR_loc.txt	3611	724
common/scripted_triggers/00_scripted_triggers_FR_loc.txt	3612	731
common/scripted_triggers/00_scripted_triggers_FR_loc.txt	3613	735
common/scripted_triggers/00_scripted_triggers_FR_loc.txt	3614	766
common/scripted_triggers/00_scripted_triggers_FR_loc.txt	3615	778
common/scripted_triggers/00_scripted_triggers_FR_loc.txt	3616	779
common/scripted_triggers/00_scripted_triggers_FR_loc.txt	3617	780
common/scripted_triggers/00_scripted_triggers_FR_loc.txt	3618	785
common/scripted_triggers/00_scripted_triggers_FR_loc.txt	3619	1017
common/scripted_triggers/00_scripted_triggers_FR_loc.txt	3627	5
common/scripted_triggers/00_scripted_triggers_FR_loc.txt	3628	16
common/scripted_triggers/00_scripted_triggers_FR_loc.txt	3629	19
common/scripted_triggers/00_scripted_triggers_FR_loc.txt	3630	26
common/scripted_triggers/00_scripted_triggers_FR_loc.txt	3631	28
common/scripted_triggers/00_scripted_triggers_FR_loc.txt	3632	44
common/scripted_triggers/00_scripted_triggers_FR_loc.txt	3633	81
common/scripted_triggers/00_scripted_triggers_FR_loc.txt	3634	100
common/scripted_triggers/00_scripted_triggers_FR_loc.txt	3635	110
common/scripted_triggers/00_scripted_triggers_FR_loc.txt	3636	119
common/scripted_triggers/00_scripted_triggers_FR_loc.txt	3637	123
common/scripted_triggers/00_scripted_triggers_FR_loc.txt	3638	125
common/scripted_triggers/00_scripted_triggers_FR_loc.txt	3639	149
common/scripted_triggers/00_scripted_triggers_FR_loc.txt	3640	161
common/scripted_triggers/00_scripted_triggers_FR_loc.txt	3641	170
common/scripted_triggers/00_scripted_triggers_FR_loc.txt	3649	166
common/scripted_triggers/00_scripted_triggers_FR_loc.txt	3650	185
common/scripted_triggers/00_scripted_triggers_FR_loc.txt	3651	229
common/scripted_triggers/00_scripted_triggers_FR_loc.txt	3652	230
common/scripted_triggers/00_scripted_triggers_FR_loc.txt	3653	261
common/scripted_triggers/00_scripted_triggers_FR_loc.txt	3654	271
common/scripted_triggers/00_scripted_triggers_FR_loc.txt	3655	300
common/scripted_triggers/00_scripted_triggers_FR_loc.txt	3656	305
common/scripted_triggers/00_scripted_triggers_FR_loc.txt	3657	320
common/scripted_triggers/00_scripted_triggers_FR_loc.txt	3658	367
common/scripted_triggers/00_scripted_triggers_FR_loc.txt	3659	372
common/scripted_triggers/00_scripted_triggers_FR_loc.txt	3660	374
common/scripted_triggers/00_scripted_triggers_FR_loc.txt	3661	377
common/scripted_triggers/00_scripted_triggers_FR_loc.txt	3662	392
common/scripted_triggers/00_scripted_triggers_FR_loc.txt	3663	426
common/scripted_triggers/00_scripted_triggers_FR_loc.txt	3664	432
common/scripted_triggers/00_scripted_triggers_FR_loc.txt	3665	434
common/scripted_triggers/00_scripted_triggers_FR_loc.txt	3666	463
common/scripted_triggers/00_scripted_triggers_FR_loc.txt	3667	470
common/scripted_triggers/00_scripted_triggers_FR_loc.txt	3668	519
common/scripted_triggers/00_scripted_triggers_FR_loc.txt	3669	522
common/scripted_triggers/00_scripted_triggers_FR_loc.txt	3670	548
common/scripted_triggers/00_scripted_triggers_FR_loc.txt	3671	550
common/scripted_triggers/00_scripted_triggers_FR_loc.txt	3672	660
common/scripted_triggers/00_scripted_triggers_FR_loc.txt	3673	674
common/scripted_triggers/00_scripted_triggers_FR_loc.txt	3674	736
common/scripted_triggers/00_scripted_triggers_FR_loc.txt	3675	794
common/scripted_triggers/00_scripted_triggers_FR_loc.txt	3683	124
common/scripted_triggers/00_scripted_triggers_FR_loc.txt	3684	333
common/scripted_triggers/00_scripted_triggers_FR_loc.txt	3685	334
common/scripted_triggers/00_scripted_triggers_FR_loc.txt	3686	335
common/scripted_triggers/00_scripted_triggers_FR_loc.txt	3687	528
common/scripted_triggers/00_scripted_triggers_FR_loc.txt	3688	530
common/scripted_triggers/00_scripted_triggers_FR_loc.txt	3689	623
common/scripted_triggers/00_scripted_triggers_FR_loc.txt	3690	625
common/scripted_triggers/00_scripted_triggers_FR_loc.txt	3691	626
common/scripted_triggers/00_scripted_triggers_FR_loc.txt	3692	627
common/scripted_triggers/00_scripted_triggers_FR_loc.txt	3693	628
common/scripted_triggers/00_scripted_triggers_FR_loc.txt	3694	646
common/scripted_triggers/00_scripted_triggers_FR_loc.txt	3695	648
common/scripted_triggers/00_scripted_triggers_FR_loc.txt	3696	697
common/scripted_triggers/00_scripted_triggers_FR_loc.txt	3697	704
common/scripted_triggers/00_scripted_triggers_FR_loc.txt	3698	705
common/scripted_triggers/00_scripted_triggers_FR_loc.txt	3699	710
common/scripted_triggers/00_scripted_triggers_FR_loc.txt	3700	737
common/scripted_triggers/00_scripted_triggers_FR_loc.txt	3708	145
common/scripted_triggers/00_scripted_triggers_FR_loc.txt	3709	536
common/scripted_triggers/00_scripted_triggers_FR_loc.txt	3710	650
common/scripted_triggers/00_scripted_triggers_FR_loc.txt	3718	284
common/scripted_triggers/00_scripted_triggers_FR_loc.txt	3719	587
common/scripted_triggers/00_scripted_triggers_FR_loc.txt	3720	630
common/scripted_triggers/00_scripted_triggers_FR_loc.txt	3721	703
common/scripted_triggers/00_scripted_triggers_FR_loc.txt	3722	711
common/scripted_triggers/00_scripted_triggers_FR_loc.txt	3723	723
common/scripted_triggers/00_scripted_triggers_FR_loc.txt	3724	740
common/scripted_triggers/00_scripted_triggers_FR_loc.txt	4185	771
common/national_focus/germany.txt	7664	101
common/national_focus/germany.txt	7671	698
common/national_focus/germany.txt	7672	696
common/national_focus/germany.txt	7674	702
common/national_focus/germany.txt	7693	101
common/national_focus/germany.txt	7694	914
common/national_focus/germany.txt	7701	698
common/national_focus/germany.txt	7702	696
common/national_focus/germany.txt	7704	702
common/national_focus/germany.txt	7705	703
common/national_focus/germany.txt	7706	704
common/national_focus/germany.txt	7707	297
common/national_focus/germany.txt	7708	705
common/national_focus/germany.txt	7710	720
common/national_focus/germany.txt	7711	299
common/scripted_triggers/GER_scripted_triggers.txt	1144	883
common/scripted_triggers/GER_scripted_triggers.txt	1145	551
common/scripted_triggers/GER_scripted_triggers.txt	1146	886
common/scripted_triggers/GER_scripted_triggers.txt	1147	549
common/scripted_triggers/GER_scripted_triggers.txt	1148	887
common/scripted_triggers/GER_scripted_triggers.txt	1149	774
common/scripted_triggers/GER_scripted_triggers.txt	1150	272
common/scripted_triggers/GER_scripted_triggers.txt	1151	701
common/scripted_triggers/GER_scripted_triggers.txt	1152	899
common/scripted_triggers/GER_scripted_triggers.txt	1153	898
common/scripted_triggers/GER_scripted_triggers.txt	1154	781
common/scripted_triggers/GER_scripted_triggers.txt	1160	767
common/scripted_triggers/GER_scripted_triggers.txt	1162	775
common/scripted_triggers/GER_scripted_triggers.txt	1163	515
common/scripted_triggers/GER_scripted_triggers.txt	1170	296
common/scripted_triggers/GER_scripted_triggers.txt	1171	780
common/scripted_triggers/GER_scripted_triggers.txt	1172	700
common/scripted_triggers/GER_scripted_triggers.txt	1173	298
common/scripted_triggers/GER_scripted_triggers.txt	1174	779
common/scripted_triggers/GER_scripted_triggers.txt	1175	556
common/scripted_triggers/GER_scripted_triggers.txt	1176	778
common/scripted_triggers/GER_scripted_triggers.txt	1177	274
common/scripted_triggers/GER_scripted_triggers.txt	1178	777
common/scripted_triggers/GER_scripted_triggers.txt	1179	776
common/scripted_triggers/GER_scripted_triggers.txt	1180	558
common/scripted_triggers/GER_scripted_triggers.txt	1181	902
common/scripted_triggers/GER_scripted_triggers.txt	1182	901
common/scripted_triggers/GER_scripted_triggers.txt	1183	900
common/scripted_triggers/GER_scripted_triggers.txt	1184	773
common/scripted_triggers/GER_scripted_triggers.txt	1185	660
common/scripted_triggers/GER_scripted_triggers.txt	1186	885
common/scripted_triggers/GER_scripted_triggers.txt	1187	884
common/scripted_triggers/GER_scripted_triggers.txt	1188	548
common/scripted_triggers/GER_scripted_triggers.txt	1189	904
common/scripted_triggers/GER_scripted_triggers.txt	1190	547
common/scripted_triggers/GER_scripted_triggers.txt	1191	905
common/scripted_triggers/GER_scripted_triggers.txt	1192	903
common/scripted_triggers/GER_scripted_triggers.txt	1193	844
common/scripted_triggers/GER_scripted_triggers.txt	1194	559
common/scripted_triggers/GER_scripted_triggers.txt	1195	269
common/scripted_triggers/GER_scripted_triggers.txt	1196	268
common/scripted_triggers/GER_scripted_triggers.txt	1197	550
common/scripted_triggers/GER_scripted_triggers.txt	1198	908
common/scripted_triggers/GER_scripted_triggers.txt	1199	842
common/scripted_triggers/GER_scripted_triggers.txt	1200	843
common/scripted_triggers/GER_scripted_triggers.txt	1201	841
common/scripted_triggers/GER_scripted_triggers.txt	1202	840
common/scripted_triggers/GER_scripted_triggers.txt	1203	835
common/scripted_triggers/GER_scripted_triggers.txt	1204	836
common/scripted_triggers/GER_scripted_triggers.txt	1205	839
common/scripted_triggers/GER_scripted_triggers.txt	1206	271
common/scripted_triggers/GER_scripted_triggers.txt	1207	838
common/scripted_triggers/GER_scripted_triggers.txt	1208	837
common/scripted_triggers/GER_scripted_triggers.txt	1209	546
common/scripted_triggers/GER_scripted_triggers.txt	1210	297
common/scripted_triggers/GER_scripted_triggers.txt	1211	539
common/scripted_triggers/GER_scripted_triggers.txt	1212	772
common/scripted_triggers/GER_scripted_triggers.txt	1213	796
common/scripted_triggers/GER_scripted_triggers.txt	1214	768
common/scripted_triggers/GER_scripted_triggers.txt	1215	769
common/scripted_triggers/GER_scripted_triggers.txt	1216	718
common/scripted_triggers/GER_scripted_triggers.txt	1217	538
common/scripted_triggers/GER_scripted_triggers.txt	1218	890
common/scripted_triggers/GER_scripted_triggers.txt	1219	295
common/scripted_triggers/GER_scripted_triggers.txt	1220	888
common/scripted_triggers/GER_scripted_triggers.txt	1221	889
common/scripted_triggers/GER_scripted_triggers.txt	1222	771
common/scripted_triggers/GER_scripted_triggers.txt	1223	770
common/scripted_triggers/GER_scripted_triggers.txt	1224	981
common/scripted_triggers/GER_scripted_triggers.txt	1225	540
common/scripted_triggers/GER_scripted_triggers.txt	1226	891
common/scripted_triggers/GER_scripted_triggers.txt	1227	892
common/scripted_triggers/GER_scripted_triggers.txt	1228	897
common/scripted_triggers/GER_scripted_triggers.txt	1229	896
common/scripted_triggers/GER_scripted_triggers.txt	1230	544
common/scripted_triggers/GER_scripted_triggers.txt	1231	545
common/scripted_triggers/GER_scripted_triggers.txt	1232	542
common/scripted_triggers/GER_scripted_triggers.txt	1233	895
common/scripted_triggers/GER_scripted_triggers.txt	1234	894
common/scripted_triggers/GER_scripted_triggers.txt	1235	541
common/scripted_triggers/GER_scripted_triggers.txt	1236	893
common/scripted_triggers/GER_scripted_triggers.txt	1243	275
common/scripted_triggers/GER_scripted_triggers.txt	1244	719
common/scripted_triggers/GER_scripted_triggers.txt	1245	681
common/scripted_triggers/GER_scripted_triggers.txt	1252	307
common/scripted_triggers/GER_scripted_triggers.txt	1253	489
common/scripted_triggers/GER_scripted_triggers.txt	1254	488
common/scripted_triggers/GER_scripted_triggers.txt	1255	687
common/scripted_triggers/GER_scripted_triggers.txt	1256	309
common/scripted_triggers/GER_scripted_triggers.txt	1257	310
common/scripted_triggers/GER_scripted_triggers.txt	1258	969
common/scripted_triggers/GER_scripted_triggers.txt	1259	495
common/scripted_triggers/GER_scripted_triggers.txt	1260	940
common/scripted_triggers/GER_scripted_triggers.txt	1261	939
common/scripted_triggers/GER_scripted_triggers.txt	1262	938
common/scripted_triggers/GER_scripted_triggers.txt	1263	942
common/scripted_triggers/GER_scripted_triggers.txt	1264	280
common/scripted_triggers/GER_scripted_triggers.txt	1265	486
common/scripted_triggers/GER_scripted_triggers.txt	1266	504
common/scripted_triggers/GER_scripted_triggers.txt	1267	944
common/scripted_triggers/GER_scripted_triggers.txt	1268	503
common/scripted_triggers/GER_scripted_triggers.txt	1269	502
common/scripted_triggers/GER_scripted_triggers.txt	1270	501
common/scripted_triggers/GER_scripted_triggers.txt	1271	505
common/scripted_triggers/GER_scripted_triggers.txt	1272	941
common/scripted_triggers/GER_scripted_triggers.txt	1273	497
common/scripted_triggers/GER_scripted_triggers.txt	1274	937
common/scripted_triggers/GER_scripted_triggers.txt	1275	935
common/scripted_triggers/GER_scripted_triggers.txt	1276	498
common/scripted_triggers/GER_scripted_triggers.txt	1277	936
common/scripted_triggers/GER_scripted_triggers.txt	1278	499
common/scripted_triggers/GER_scripted_triggers.txt	1279	496
common/scripted_triggers/GER_scripted_triggers.txt	1280	943
common/scripted_triggers/GER_scripted_triggers.txt	1281	500
common/scripted_triggers/GER_scripted_triggers.txt	1282	487
common/scripted_triggers/GER_scripted_triggers.txt	1283	688
common/scripted_triggers/GER_scripted_triggers.txt	1284	301
common/scripted_triggers/GER_scripted_triggers.txt	1285	946
common/scripted_triggers/GER_scripted_triggers.txt	1286	945
common/scripted_triggers/GER_scripted_triggers.txt	1287	300
common/scripted_triggers/GER_scripted_triggers.txt	1288	510
common/scripted_triggers/GER_scripted_triggers.txt	1289	957
common/scripted_triggers/GER_scripted_triggers.txt	1291	967
common/scripted_triggers/GER_scripted_triggers.txt	1292	961
common/scripted_triggers/GER_scripted_triggers.txt	1293	968
common/scripted_triggers/GER_scripted_triggers.txt	1294	962
common/scripted_triggers/GER_scripted_triggers.txt	1295	963
common/scripted_triggers/GER_scripted_triggers.txt	1296	964
common/scripted_triggers/GER_scripted_triggers.txt	1297	965
common/scripted_triggers/GER_scripted_triggers.txt	1298	966
common/scripted_triggers/GER_scripted_triggers.txt	1305	953
common/scripted_triggers/GER_scripted_triggers.txt	1306	507
common/scripted_triggers/GER_scripted_triggers.txt	1307	949
common/scripted_triggers/GER_scripted_triggers.txt	1308	954
common/scripted_triggers/GER_scripted_triggers.txt	1309	955
common/scripted_triggers/GER_scripted_triggers.txt	1310	512
common/scripted_triggers/GER_scripted_triggers.txt	1311	950
common/scripted_triggers/GER_scripted_triggers.txt	1312	279
common/scripted_triggers/GER_scripted_triggers.txt	1313	511
common/scripted_triggers/GER_scripted_triggers.txt	1314	958
common/scripted_triggers/GER_scripted_triggers.txt	1315	278
common/scripted_triggers/GER_scripted_triggers.txt	1316	956
common/scripted_triggers/GER_scripted_triggers.txt	1317	960
common/scripted_triggers/GER_scripted_triggers.txt	1318	509
common/scripted_triggers/GER_scripted_triggers.txt	1319	508
common/scripted_triggers/GER_scripted_triggers.txt	1320	959
common/scripted_triggers/GER_scripted_triggers.txt	1321	952
common/scripted_triggers/GER_scripted_triggers.txt	1322	506
common/scripted_triggers/GER_scripted_triggers.txt	1323	951
common/scripted_triggers/GER_scripted_triggers.txt	1324	302
common/scripted_triggers/GER_scripted_triggers.txt	1325	947
common/scripted_triggers/GER_scripted_triggers.txt	1326	492
common/scripted_triggers/GER_scripted_triggers.txt	1327	494
common/scripted_triggers/GER_scripted_triggers.txt	1328	303
common/scripted_triggers/GER_scripted_triggers.txt	1329	491
common/scripted_triggers/GER_scripted_triggers.txt	1330	490
common/scripted_triggers/GER_scripted_triggers.txt	1331	305
common/scripted_triggers/GER_scripted_triggers.txt	1332	306
common/scripted_triggers/GER_scripted_triggers.txt	1333	493
common/scripted_triggers/GER_scripted_triggers.txt	1340	304
common/scripted_triggers/GER_scripted_triggers.txt	1341	685
common/scripted_triggers/GER_scripted_triggers.txt	1342	316
common/scripted_triggers/GER_scripted_triggers.txt	1343	317
common/scripted_triggers/GER_scripted_triggers.txt	1344	312
common/scripted_triggers/GER_scripted_triggers.txt	1345	314
common/scripted_triggers/GER_scripted_triggers.txt	1346	313
common/scripted_triggers/GER_scripted_triggers.txt	1347	311
common/scripted_triggers/GER_scripted_triggers.txt	1348	474
common/scripted_triggers/GER_scripted_triggers.txt	1349	475
common/scripted_triggers/GER_scripted_triggers.txt	1350	476
common/scripted_triggers/GER_scripted_triggers.txt	1351	477
common/scripted_triggers/GER_scripted_triggers.txt	1352	485
common/scripted_triggers/GER_scripted_triggers.txt	1353	478
common/scripted_triggers/GER_scripted_triggers.txt	1354	277
common/scripted_triggers/GER_scripted_triggers.txt	1355	479
common/scripted_triggers/GER_scripted_triggers.txt	1356	481
common/scripted_triggers/GER_scripted_triggers.txt	1357	480
common/scripted_triggers/GER_scripted_triggers.txt	1358	482
common/scripted_triggers/GER_scripted_triggers.txt	1359	483
common/scripted_triggers/GER_scripted_triggers.txt	1360	315
common/scripted_triggers/GER_scripted_triggers.txt	1361	689
common/scripted_triggers/GER_scripted_triggers.txt	1362	693
common/scripted_triggers/GER_scripted_triggers.txt	1363	690
common/scripted_triggers/GER_scripted_triggers.txt	1364	318
common/scripted_triggers/GER_scripted_triggers.txt	1365	319
common/scripted_triggers/GER_scripted_triggers.txt	1366	686
common/scripted_triggers/GER_scripted_triggers.txt	1367	695
common/scripted_triggers/GER_scripted_triggers.txt	1368	694
common/scripted_triggers/GER_scripted_triggers.txt	1369	308
common/scripted_triggers/GER_scripted_triggers.txt	1370	692
common/scripted_triggers/GER_scripted_triggers.txt	1371	691
common/scripted_triggers/GER_scripted_triggers.txt	1372	375
common/scripted_triggers/GER_scripted_triggers.txt	1373	371
common/scripted_triggers/GER_scripted_triggers.txt	1374	370
common/scripted_triggers/GER_scripted_triggers.txt	1375	367
common/scripted_triggers/GER_scripted_triggers.txt	1376	366
common/scripted_triggers/GER_scripted_triggers.txt	1377	365
common/scripted_triggers/GER_scripted_triggers.txt	1378	376
common/scripted_triggers/GER_scripted_triggers.txt	1379	377
common/scripted_triggers/GER_scripted_triggers.txt	1380	374
common/scripted_triggers/GER_scripted_triggers.txt	1381	372
common/scripted_triggers/GER_scripted_triggers.txt	1394	364
common/scripted_triggers/GER_scripted_triggers.txt	1395	368
common/scripted_triggers/GER_scripted_triggers.txt	1396	369
common/scripted_triggers/GER_scripted_triggers.txt	1397	261
common/scripted_triggers/GER_scripted_triggers.txt	1398	396
common/scripted_triggers/GER_scripted_triggers.txt	1401	393
common/scripted_triggers/GER_scripted_triggers.txt	1402	395
common/scripted_triggers/GER_scripted_triggers.txt	1403	394
common/scripted_triggers/GER_scripted_triggers.txt	1404	373
common/scripted_triggers/GER_scripted_triggers.txt	1405	392
common/scripted_triggers/GER_scripted_triggers.txt	1406	391
common/scripted_triggers/GER_scripted_triggers.txt	1407	383
common/scripted_triggers/GER_scripted_triggers.txt	1408	384
common/scripted_triggers/GER_scripted_triggers.txt	1409	390
common/scripted_triggers/GER_scripted_triggers.txt	1410	389
common/scripted_triggers/GER_scripted_triggers.txt	1411	382
common/scripted_triggers/GER_scripted_triggers.txt	1412	381
common/scripted_triggers/GER_scripted_triggers.txt	1413	388
common/scripted_triggers/GER_scripted_triggers.txt	1414	380
common/scripted_triggers/GER_scripted_triggers.txt	1415	470
common/scripted_triggers/GER_scripted_triggers.txt	1416	472
common/scripted_triggers/GER_scripted_triggers.txt	1417	867
common/scripted_triggers/GER_scripted_triggers.txt	1419	865
common/scripted_triggers/GER_scripted_triggers.txt	1420	469
common/scripted_triggers/GER_scripted_triggers.txt	1421	467
common/scripted_triggers/GER_scripted_triggers.txt	1425	468
common/scripted_triggers/GER_scripted_triggers.txt	1440	484
common/scripted_triggers/GER_scripted_triggers.txt	1441	378
common/scripted_triggers/GER_scripted_triggers.txt	1442	379
common/scripted_triggers/GER_scripted_triggers.txt	1443	387
common/scripted_triggers/GER_scripted_triggers.txt	1444	385
common/scripted_triggers/GER_scripted_triggers.txt	1445	386
common/scripted_triggers/GER_scripted_triggers.txt	1446	740
common/scripted_triggers/GER_scripted_triggers.txt	1447	473
common/scripted_triggers/GER_scripted_triggers.txt	1448	471
common/scripted_triggers/GER_scripted_triggers.txt	1449	864
common/scripted_triggers/GER_scripted_triggers.txt	1450	463
common/scripted_triggers/GER_scripted_triggers.txt	1451	739
common/scripted_triggers/GER_scripted_triggers.txt	1477	858
common/scripted_triggers/GER_scripted_triggers.txt	1482	293
common/scripted_triggers/GER_scripted_triggers.txt	1489	1016
common/scripted_triggers/GER_scripted_triggers.txt	1490	992
common/scripted_triggers/GER_scripted_triggers.txt	1544	439
common/scripted_triggers/GER_scripted_triggers.txt	1545	440
common/scripted_triggers/GER_scripted_triggers.txt	1546	441
common/scripted_triggers/GER_scripted_triggers.txt	1547	787
common/scripted_triggers/GER_scripted_triggers.txt	1548	442
common/scripted_triggers/GER_scripted_triggers.txt	1549	445
common/scripted_triggers/GER_scripted_triggers.txt	1550	444
common/scripted_triggers/GER_scripted_triggers.txt	1551	415
common/scripted_triggers/GER_scripted_triggers.txt	1552	267
common/scripted_triggers/GER_scripted_triggers.txt	1553	443
common/scripted_triggers/GER_scripted_triggers.txt	1554	433
common/scripted_triggers/GER_scripted_triggers.txt	1555	428
common/scripted_triggers/GER_scripted_triggers.txt	1556	438
common/scripted_triggers/GER_scripted_triggers.txt	1557	437
common/scripted_triggers/GER_scripted_triggers.txt	1558	427
common/scripted_triggers/GER_scripted_triggers.txt	1559	429
common/scripted_triggers/GER_scripted_triggers.txt	1560	436
common/scripted_triggers/GER_scripted_triggers.txt	1561	425
common/scripted_triggers/GER_scripted_triggers.txt	1562	424
common/scripted_triggers/GER_scripted_triggers.txt	1563	423
common/scripted_triggers/GER_scripted_triggers.txt	1564	320
common/scripted_triggers/GER_scripted_triggers.txt	1565	321
common/scripted_triggers/GER_scripted_triggers.txt	1566	422
common/scripted_triggers/GER_scripted_triggers.txt	1567	426
common/scripted_triggers/GER_scripted_triggers.txt	1568	435
common/scripted_triggers/GER_scripted_triggers.txt	1569	431
common/scripted_triggers/GER_scripted_triggers.txt	1570	430
common/scripted_triggers/GER_scripted_triggers.txt	1571	432
common/scripted_triggers/GER_scripted_triggers.txt	1572	434
common/scripted_triggers/GER_scripted_triggers.txt	1573	640
common/scripted_triggers/GER_scripted_triggers.txt	1574	288
common/scripted_triggers/GER_scripted_triggers.txt	1575	323
common/scripted_triggers/GER_scripted_triggers.txt	1576	324
common/scripted_triggers/GER_scripted_triggers.txt	1577	733
common/scripted_triggers/GER_scripted_triggers.txt	1578	758
common/scripted_triggers/GER_scripted_triggers.txt	1579	322
common/scripted_triggers/GER_scripted_triggers.txt	1580	757
common/scripted_triggers/GER_scripted_triggers.txt	1581	601
common/scripted_triggers/GER_scripted_triggers.txt	1582	1009
common/scripted_triggers/GER_scripted_triggers.txt	1583	1007
common/scripted_triggers/GER_scripted_triggers.txt	1584	988
common/scripted_triggers/GER_scripted_triggers.txt	1585	1008
common/scripted_triggers/GER_scripted_triggers.txt	1586	1012
common/scripted_triggers/GER_scripted_triggers.txt	1587	1005
common/scripted_triggers/GER_scripted_triggers.txt	1588	1006
common/scripted_triggers/GER_scripted_triggers.txt	1589	987
common/scripted_triggers/GER_scripted_triggers.txt	1590	989
common/scripted_triggers/GER_scripted_triggers.txt	1591	986
common/scripted_triggers/GER_scripted_triggers.txt	1592	991
common/scripted_triggers/GER_scripted_triggers.txt	1593	983
common/scripted_triggers/GER_scripted_triggers.txt	1594	982
common/scripted_triggers/GER_scripted_triggers.txt	1595	984
common/scripted_triggers/GER_scripted_triggers.txt	1596	985
common/scripted_triggers/GER_scripted_triggers.txt	1597	990
common/scripted_triggers/GER_scripted_triggers.txt	1598	998
common/scripted_triggers/GER_scripted_triggers.txt	1599	999
common/scripted_triggers/GER_scripted_triggers.txt	1600	997
common/scripted_triggers/GER_scripted_triggers.txt	1601	996
common/scripted_triggers/GER_scripted_triggers.txt	1602	994
common/scripted_triggers/GER_scripted_triggers.txt	1603	993
common/scripted_triggers/GER_scripted_triggers.txt	1604	995
common/scripted_triggers/GER_scripted_triggers.txt	1611	516
common/scripted_triggers/GER_scripted_triggers.txt	1612	576
common/scripted_triggers/GER_scripted_triggers.txt	1613	568
common/scripted_triggers/GER_scripted_triggers.txt	1614	567
common/scripted_triggers/GER_scripted_triggers.txt	1615	566
common/scripted_triggers/GER_scripted_triggers.txt	1616	878
common/scripted_triggers/GER_scripted_triggers.txt	1617	575
common/scripted_triggers/GER_scripted_triggers.txt	1618	565
common/scripted_triggers/GER_scripted_triggers.txt	1619	876
common/scripted_triggers/GER_scripted_triggers.txt	1620	574
common/scripted_triggers/GER_scripted_triggers.txt	1621	877
common/scripted_triggers/GER_scripted_triggers.txt	1622	644
common/scripted_triggers/GER_scripted_triggers.txt	1623	822
common/scripted_triggers/GER_scripted_triggers.txt	1624	875
common/scripted_triggers/GER_scripted_triggers.txt	1625	562
common/scripted_triggers/GER_scripted_triggers.txt	1626	874
common/scripted_triggers/GER_scripted_triggers.txt	1627	637
common/scripted_triggers/GER_scripted_triggers.txt	1628	561
common/scripted_triggers/GER_scripted_triggers.txt	1629	564
common/scripted_triggers/GER_scripted_triggers.txt	1630	563
common/scripted_triggers/GER_scripted_triggers.txt	1631	560
common/scripted_triggers/GER_scripted_triggers.txt	1638	619
common/scripted_triggers/GER_scripted_triggers.txt	1639	287
common/scripted_triggers/GER_scripted_triggers.txt	1640	759
common/scripted_triggers/GER_scripted_triggers.txt	1641	617
common/scripted_triggers/GER_scripted_triggers.txt	1642	618
common/scripted_triggers/GER_scripted_triggers.txt	1643	760
common/scripted_triggers/GER_scripted_triggers.txt	1644	329
common/scripted_triggers/GER_scripted_triggers.txt	1645	818
common/scripted_triggers/GER_scripted_triggers.txt	1652	613
common/scripted_triggers/GER_scripted_triggers.txt	1653	598
common/scripted_triggers/GER_scripted_triggers.txt	1654	597
common/scripted_triggers/GER_scripted_triggers.txt	1655	743
common/scripted_triggers/GER_scripted_triggers.txt	1656	614
common/scripted_triggers/GER_scripted_triggers.txt	1657	608
common/scripted_triggers/GER_scripted_triggers.txt	1658	609
common/scripted_triggers/GER_scripted_triggers.txt	1659	610
common/scripted_triggers/GER_scripted_triggers.txt	1660	716
common/scripted_triggers/GER_scripted_triggers.txt	1661	745
common/scripted_triggers/GER_scripted_triggers.txt	1662	527
common/scripted_triggers/GER_scripted_triggers.txt	1663	525
common/scripted_triggers/GER_scripted_triggers.txt	1664	328
common/scripted_triggers/GER_scripted_triggers.txt	1665	715
common/scripted_triggers/GER_scripted_triggers.txt	1666	714
common/scripted_triggers/GER_scripted_triggers.txt	1667	761
common/scripted_triggers/GER_scripted_triggers.txt	1668	657
common/scripted_triggers/GER_scripted_triggers.txt	1669	717
common/scripted_triggers/GER_scripted_triggers.txt	1670	408
common/scripted_triggers/GER_scripted_triggers.txt	1671	409
common/scripted_triggers/GER_scripted_triggers.txt	1672	655
common/scripted_triggers/GER_scripted_triggers.txt	1673	537
common/scripted_triggers/GER_scripted_triggers.txt	1674	555
common/scripted_triggers/GER_scripted_triggers.txt	1675	536
common/scripted_triggers/GER_scripted_triggers.txt	1676	533
common/scripted_triggers/GER_scripted_triggers.txt	1677	282
common/scripted_triggers/GER_scripted_triggers.txt	1678	534
common/scripted_triggers/GER_scripted_triggers.txt	1679	532
common/scripted_triggers/GER_scripted_triggers.txt	1680	535
common/scripted_triggers/GER_scripted_triggers.txt	1681	531
common/scripted_triggers/GER_scripted_triggers.txt	1682	530
common/scripted_triggers/GER_scripted_triggers.txt	1683	529
common/scripted_triggers/GER_scripted_triggers.txt	1684	528
common/scripted_triggers/GER_scripted_triggers.txt	1685	526
common/scripted_triggers/GER_scripted_triggers.txt	1686	524
common/scripted_triggers/GER_scripted_triggers.txt	1687	596
common/scripted_triggers/GER_scripted_triggers.txt	1688	595
common/scripted_triggers/GER_scripted_triggers.txt	1689	593
common/scripted_triggers/GER_scripted_triggers.txt	1690	592
common/scripted_triggers/GER_scripted_triggers.txt	1691	594
common/scripted_triggers/GER_scripted_triggers.txt	1692	591
common/scripted_triggers/GER_scripted_triggers.txt	1693	728
common/scripted_triggers/GER_scripted_triggers.txt	1694	729
common/scripted_triggers/GER_scripted_triggers.txt	1695	326
common/scripted_triggers/GER_scripted_triggers.txt	1696	599
common/scripted_triggers/GER_scripted_triggers.txt	1697	600
common/scripted_triggers/GER_scripted_triggers.txt	1698	602
common/scripted_triggers/GER_scripted_triggers.txt	1699	749
common/scripted_triggers/GER_scripted_triggers.txt	1700	606
common/scripted_triggers/GER_scripted_triggers.txt	1701	620
common/scripted_triggers/GER_scripted_triggers.txt	1702	607
common/scripted_triggers/GER_scripted_triggers.txt	1703	750
common/scripted_triggers/GER_scripted_triggers.txt	1704	603
common/scripted_triggers/GER_scripted_triggers.txt	1705	748
common/scripted_triggers/GER_scripted_triggers.txt	1706	605
common/scripted_triggers/GER_scripted_triggers.txt	1707	755
common/scripted_triggers/GER_scripted_triggers.txt	1708	622
common/scripted_triggers/GER_scripted_triggers.txt	1709	615
common/scripted_triggers/GER_scripted_triggers.txt	1710	746
common/scripted_triggers/GER_scripted_triggers.txt	1711	621
common/scripted_triggers/GER_scripted_triggers.txt	1712	611
common/scripted_triggers/GER_scripted_triggers.txt	1713	612
common/scripted_triggers/GER_scripted_triggers.txt	1714	819
common/scripted_triggers/GER_scripted_triggers.txt	1715	817
common/scripted_triggers/GER_scripted_triggers.txt	1716	330
common/scripted_triggers/GER_scripted_triggers.txt	1717	820
common/scripted_triggers/GER_scripted_triggers.txt	1718	756
common/scripted_triggers/GER_scripted_triggers.txt	1719	616
common/scripted_triggers/GER_scripted_triggers.txt	1720	755
common/scripted_triggers/GER_scripted_triggers.txt	1721	283
common/scripted_triggers/GER_scripted_triggers.txt	1722	754
common/scripted_triggers/GER_scripted_triggers.txt	1723	604
common/scripted_triggers/GER_scripted_triggers.txt	1724	753
common/scripted_triggers/GER_scripted_triggers.txt	1725	752
common/scripted_triggers/GER_scripted_triggers.txt	1726	751
common/scripted_triggers/GER_scripted_triggers.txt	1727	747
common/scripted_triggers/GER_scripted_triggers.txt	1728	325
common/scripted_triggers/GER_scripted_triggers.txt	1729	671
common/scripted_triggers/GER_scripted_triggers.txt	1730	670
common/scripted_triggers/GER_scripted_triggers.txt	1731	286
common/scripted_triggers/GER_scripted_triggers.txt	1732	741
common/scripted_triggers/GER_scripted_triggers.txt	1733	868
common/scripted_triggers/GER_scripted_triggers.txt	1734	869
common/scripted_triggers/GER_scripted_triggers.txt	1735	289
common/scripted_triggers/GER_scripted_triggers.txt	1736	645
common/scripted_triggers/GER_scripted_triggers.txt	1737	623
common/scripted_triggers/GER_scripted_triggers.txt	1738	327
common/scripted_triggers/GER_scripted_triggers.txt	1739	624
common/scripted_triggers/GER_scripted_triggers.txt	1740	628
common/scripted_triggers/GER_scripted_triggers.txt	1741	625
common/scripted_triggers/GER_scripted_triggers.txt	1742	626
common/scripted_triggers/GER_scripted_triggers.txt	1743	627
common/scripted_triggers/GER_scripted_triggers.txt	1744	647
common/scripted_triggers/GER_scripted_triggers.txt	1745	648
common/scripted_triggers/GER_scripted_triggers.txt	1746	646
common/scripted_triggers/GER_scripted_triggers.txt	1747	638
common/scripted_triggers/GER_scripted_triggers.txt	1748	632
common/scripted_triggers/GER_scripted_triggers.txt	1749	744
common/scripted_triggers/GER_scripted_triggers.txt	1756	979
common/scripted_triggers/GER_scripted_triggers.txt	1757	523
common/scripted_triggers/GER_scripted_triggers.txt	1758	737
common/scripted_triggers/GER_scripted_triggers.txt	1759	634
common/scripted_triggers/GER_scripted_triggers.txt	1760	669
common/scripted_triggers/GER_scripted_triggers.txt	1761	668
common/scripted_triggers/GER_scripted_triggers.txt	1762	738
common/scripted_triggers/GER_scripted_triggers.txt	1763	721
common/scripted_triggers/GER_scripted_triggers.txt	1764	667
common/scripted_triggers/GER_scripted_triggers.txt	1765	673
common/scripted_triggers/GER_scripted_triggers.txt	1766	334
common/scripted_triggers/GER_scripted_triggers.txt	1767	333
common/scripted_triggers/GER_scripted_triggers.txt	1768	335
common/scripted_triggers/GER_scripted_triggers.txt	1769	672
common/scripted_triggers/GER_scripted_triggers.txt	1770	336
common/scripted_triggers/GER_scripted_triggers.txt	1771	724
common/scripted_triggers/GER_scripted_triggers.txt	1772	711
common/scripted_triggers/GER_scripted_triggers.txt	1773	712
common/scripted_triggers/GER_scripted_triggers.txt	1774	684
common/scripted_triggers/GER_scripted_triggers.txt	1775	725
common/scripted_triggers/GER_scripted_triggers.txt	1776	639
common/scripted_triggers/GER_scripted_triggers.txt	1777	643
common/scripted_triggers/GER_scripted_triggers.txt	1778	633
common/scripted_triggers/GER_scripted_triggers.txt	1779	642
common/scripted_triggers/GER_scripted_triggers.txt	1780	734
common/scripted_triggers/GER_scripted_triggers.txt	1781	635
common/scripted_triggers/GER_scripted_triggers.txt	1782	636
common/scripted_triggers/GER_scripted_triggers.txt	1783	726
common/scripted_triggers/GER_scripted_triggers.txt	1784	641
common/scripted_triggers/GER_scripted_triggers.txt	1785	284
common/scripted_triggers/GER_scripted_triggers.txt	1786	723
common/scripted_triggers/GER_scripted_triggers.txt	1787	872
common/scripted_triggers/GER_scripted_triggers.txt	1788	520
common/scripted_triggers/GER_scripted_triggers.txt	1789	870
common/scripted_triggers/GER_scripted_triggers.txt	1790	522
common/scripted_triggers/GER_scripted_triggers.txt	1791	871
common/scripted_triggers/GER_scripted_triggers.txt	1792	519
common/scripted_triggers/GER_scripted_triggers.txt	1793	517
common/scripted_triggers/GER_scripted_triggers.txt	1794	518
common/scripted_triggers/GER_scripted_triggers.txt	1795	285
common/scripted_triggers/GER_scripted_triggers.txt	1796	521
common/scripted_triggers/GER_scripted_triggers.txt	1797	873
common/scripted_triggers/GER_scripted_triggers.txt	1799	674
common/scripted_triggers/GER_scripted_triggers.txt	1920	569
common/scripted_triggers/GER_scripted_triggers.txt	1921	570
common/scripted_triggers/GER_scripted_triggers.txt	1922	571
common/scripted_triggers/GER_scripted_triggers.txt	1926	580
common/scripted_triggers/GER_scripted_triggers.txt	1927	577
common/scripted_triggers/GER_scripted_triggers.txt	1928	578
common/scripted_triggers/GER_scripted_triggers.txt	1929	579
common/scripted_triggers/GER_scripted_triggers.txt	1930	824
events/WUW_Germany.txt	2353	541
events/WUW_Germany.txt	2370	546
events/WUW_Germany.txt	2387	777
events/WUW_Germany.txt	2404	893
events/WUW_Germany.txt	2421	894
events/WUW_Germany.txt	2438	895
events/WUW_Germany.txt	2468	541
events/WUW_Germany.txt	2485	546
events/WUW_Germany.txt	2502	777
events/WUW_Germany.txt	2519	893
events/WUW_Germany.txt	2536	894
events/WUW_Germany.txt	2553	895
events/WUW_Germany.txt	2585	541
events/WUW_Germany.txt	2602	546
events/WUW_Germany.txt	2619	777
events/WUW_Germany.txt	2636	893
events/WUW_Germany.txt	2653	894
events/WUW_Germany.txt	2670	895
events/WUW_Germany.txt	2702	541
events/WUW_Germany.txt	2719	546
events/WUW_Germany.txt	2736	777
events/WUW_Germany.txt	2753	893
events/WUW_Germany.txt	2770	894
events/WUW_Germany.txt	2787	895
events/WUW_Germany.txt	10438	645
events/WUW_Germany.txt	10439	629
events/WUW_Germany.txt	10440	650
events/WUW_Germany.txt	10441	631