common\ai_strategy\CZE.txt	397	69	1672	porter
common\ai_strategy\CZE.txt	398	972	539	porter
common\ai_strategy\ENG.txt	1124	785	442	porter
common\ai_strategy\ENG.txt	1125	29	466	porter
common\ai_strategy\ENG.txt	1126	6	455	porter
common\ai_strategy\ENG.txt	1128	7	402	porter
common\ai_strategy\ENG.txt	1134	912	104	porter
common\ai_strategy\ENG.txt	1135	99	34	porter
common\ai_strategy\ENG.txt	1959	448	1241	porter
common\ai_strategy\ENG.txt	1991	448	1241	porter
common\ai_strategy\ENG_operation_strats.txt	31	16	563	porter
common\ai_strategy\ENG_operation_strats.txt	32	6	455	porter
common\ai_strategy\GER.txt	3597	227	557	porter
common\ai_strategy\GER.txt	3622	91	1292	porter
common\ai_strategy\GER.txt	3623	94	2316	porter
common\ai_strategy\GER.txt	3624	95	326	porter
common\ai_strategy\GER.txt	3630	188	227	porter
common\ai_strategy\GER.txt	3652	137	2127	porter
common\ai_strategy\GER.txt	3656	152	1800	porter
common\ai_strategy\GER.txt	4946	69	1672	porter
common\ai_strategy\GER.txt	4958	69	1672	porter
common\ai_strategy\GER.txt	5044	9	513	porter
common\ai_strategy\GER.txt	5101	4	1802	porter
common\ai_strategy\GER.txt	5102	152	1800	porter
common\ai_strategy\GER.txt	5123	972	539	porter
common\ai_strategy\GER.txt	5124	70	2662	porter
common\ai_strategy\GER.txt	5136	972	539	porter
common\ai_strategy\GER.txt	5137	75	532	porter
common\ai_strategy\ITA.txt	300	158	1423	porter
common\ai_strategy\SOV.txt	1515	260	2421	porter
common\ai_strategy\SOV.txt	1516	239	366	porter
common\ai_strategy\SOV.txt	2488	111	29	porter
common\ai_strategy\SOV.txt	2683	96	1000	porter
common\ai_strategy\SOV.txt	2684	95	326	porter
common\ai_strategy\SOV.txt	2685	94	2316	porter
common\ai_strategy\SOV.txt	2686	93	434	porter
common\ai_strategy\USA.txt	1558	16	563	porter
common\decisions\AUS.txt	2095	104	776	porter
common\decisions\AUS.txt	2097	104	776	porter
common\decisions\AUS.txt	2164	104	776	porter
common\decisions\BEL.txt	1139	29	466	porter
common\decisions\BEL.txt	1140	785	442	porter
common\decisions\BEL.txt	1141	18	552	porter
common\decisions\BEL.txt	1142	28	2747	porter
common\decisions\BEL.txt	1143	17	627	porter
common\decisions\BEL.txt	1144	27	2614	porter
common\decisions\CZE.txt	91	69	1672	porter
common\decisions\CZE.txt	95	69	1672	porter
common\decisions\CZE.txt	100	972	539	porter
common\decisions\CZE.txt	104	972	539	porter
common\decisions\CZE.txt	109	74	499	porter
common\decisions\CZE.txt	113	74	499	porter
common\decisions\CZE.txt	127	664	1439	porter
common\decisions\CZE.txt	131	664	1439	porter
common\decisions\CZE.txt	221	69	1672	porter
common\decisions\CZE.txt	225	69	1672	porter
common\decisions\CZE.txt	230	972	539	porter
common\decisions\CZE.txt	234	972	539	porter
common\decisions\CZE.txt	239	74	499	porter
common\decisions\CZE.txt	243	74	499	porter
common\decisions\CZE.txt	257	664	1439	porter
common\decisions\CZE.txt	261	664	1439	porter
common\decisions\CZE.txt	366	69	1672	porter
common\decisions\CZE.txt	370	69	1672	porter
common\decisions\CZE.txt	375	972	539	porter
common\decisions\CZE.txt	379	972	539	porter
common\decisions\CZE.txt	384	74	499	porter
common\decisions\CZE.txt	388	74	499	porter
common\decisions\CZE.txt	408	69	1672	porter
common\decisions\CZE.txt	409	972	539	porter
common\decisions\CZE.txt	410	74	499	porter
common\decisions\CZE.txt	441	69	1672	porter
common\decisions\CZE.txt	449	972	539	porter
common\decisions\CZE.txt	457	74	499	porter
common\decisions\CZE.txt	517	664	1439	porter
common\decisions\CZE.txt	521	664	1439	porter
common\decisions\CZE.txt	569	69	1672	porter
common\decisions\CZE.txt	579	972	539	porter
common\decisions\CZE.txt	587	74	499	porter
common\decisions\CZE.txt	619	69	1672	porter
common\decisions\CZE.txt	671	9	513	porter
common\decisions\CZE.txt	723	73	2246	porter
common\decisions\CZE.txt	1068	69	1672	porter
common\decisions\CZE.txt	1069	972	539	porter
common\decisions\CZE.txt	1070	74	499	porter
common\decisions\CZE.txt	1075	69	1672	porter
common\decisions\CZE.txt	1076	972	539	porter
common\decisions\CZE.txt	1077	74	499	porter
common\decisions\CZE.txt	7069	155	624	porter
common\decisions\DEN.txt	7824	37	347	porter
common\decisions\DEN.txt	7825	99	34	porter
common\decisions\formable_nation_decisions.txt	2265	811	146	porter
common\decisions\formable_nation_decisions.txt	2266	815	1339	porter
common\decisions\formable_nation_decisions.txt	3857	74	499	porter
common\decisions\formable_nation_decisions.txt	3918	74	499	porter
common\decisions\formable_nation_decisions.txt	3948	74	499	porter
common\decisions\formable_nation_decisions.txt	4481	74	499	porter
common\decisions\formable_nation_decisions.txt	4545	74	499	porter
common\decisions\formable_nation_decisions.txt	4584	74	499	porter
common\decisions\formable_nation_decisions.txt	4769	807	280	porter
common\decisions\formable_nation_decisions.txt	8135	230	1005	porter
common\decisions\formable_nation_decisions.txt	9252	230	1005	porter
common\decisions\formable_nation_decisions.txt	9491	237	2513	porter
common\decisions\formable_nation_decisions.txt	9492	236	2516	porter
common\decisions\formable_nation_decisions.txt	9521	237	2513	porter
common\decisions\formable_nation_decisions.txt	9522	236	2516	porter
common\decisions\formable_nation_decisions.txt	9525	217	457	porter
common\decisions\formable_nation_decisions.txt	9528	217	457	porter
common\decisions\formable_nation_decisions.txt	9532	407	430	porter
common\decisions\formable_nation_decisions.txt	9535	407	430	porter
common\decisions\formable_nation_decisions.txt	9539	406	2517	porter
common\decisions\formable_nation_decisions.txt	9542	406	2517	porter
common\decisions\formable_nation_decisions.txt	9546	401	2429	porter
common\decisions\formable_nation_decisions.txt	9549	401	2429	porter
common\decisions\formable_nation_decisions.txt	9560	238	2410	porter
common\decisions\formable_nation_decisions.txt	9563	238	2410	porter
common\decisions\formable_nation_decisions.txt	9612	137	2127	porter
common\decisions\formable_nation_decisions.txt	9640	137	2127	porter
common\decisions\formable_nation_decisions.txt	9651	227	557	porter
common\decisions\formable_nation_decisions.txt	9654	227	557	porter
common\decisions\formable_nation_decisions.txt	9672	234	696	porter
common\decisions\formable_nation_decisions.txt	9675	234	696	porter
common\decisions\formable_nation_decisions.txt	9955	8	500	porter
common\decisions\formable_nation_decisions.txt	9956	7	402	porter
common\decisions\formable_nation_decisions.txt	9959	6	455	porter
common\decisions\formable_nation_decisions.txt	9963	29	466	porter
common\decisions\formable_nation_decisions.txt	9964	18	552	porter
common\decisions\formable_nation_decisions.txt	9965	17	627	porter
common\decisions\formable_nation_decisions.txt	9966	28	2747	porter
common\decisions\formable_nation_decisions.txt	9968	16	563	porter
common\decisions\formable_nation_decisions.txt	9969	27	2614	porter
common\decisions\formable_nation_decisions.txt	9975	26	770	porter
common\decisions\formable_nation_decisions.txt	9984	1	1422	porter
common\decisions\formable_nation_decisions.txt	9985	785	442	porter
common\decisions\formable_nation_decisions.txt	10014	60	1681	porter
common\decisions\formable_nation_decisions.txt	10015	54	1773	porter
common\decisions\formable_nation_decisions.txt	10017	53	1783	porter
common\decisions\formable_nation_decisions.txt	10020	65	411	porter
common\decisions\formable_nation_decisions.txt	10023	66	1666	porter
common\decisions\formable_nation_decisions.txt	10024	67	1658	porter
common\decisions\formable_nation_decisions.txt	10031	126	2475	porter
common\decisions\formable_nation_decisions.txt	10061	8	500	porter
common\decisions\formable_nation_decisions.txt	10066	7	402	porter
common\decisions\formable_nation_decisions.txt	10074	6	455	porter
common\decisions\formable_nation_decisions.txt	10083	29	466	porter
common\decisions\formable_nation_decisions.txt	10084	18	552	porter
common\decisions\formable_nation_decisions.txt	10085	17	627	porter
common\decisions\formable_nation_decisions.txt	10086	28	2747	porter
common\decisions\formable_nation_decisions.txt	10088	16	563	porter
common\decisions\formable_nation_decisions.txt	10089	27	2614	porter
common\decisions\formable_nation_decisions.txt	10095	26	770	porter
common\decisions\formable_nation_decisions.txt	10104	1	1422	porter
common\decisions\formable_nation_decisions.txt	10105	785	442	porter
common\decisions\formable_nation_decisions.txt	10144	60	1681	porter
common\decisions\formable_nation_decisions.txt	10145	54	1773	porter
common\decisions\formable_nation_decisions.txt	10147	53	1783	porter
common\decisions\formable_nation_decisions.txt	10150	65	411	porter
common\decisions\formable_nation_decisions.txt	10153	66	1666	porter
common\decisions\formable_nation_decisions.txt	10154	67	1658	porter
common\decisions\formable_nation_decisions.txt	10165	126	2475	porter
common\decisions\FRA.txt	346	26	770	porter
common\decisions\FRA.txt	1632	16	563	porter
common\decisions\FRA.txt	1642	16	563	porter
common\decisions\FRA.txt	1649	16	563	porter
common\decisions\FRA.txt	1686	459	1188	porter
common\decisions\FRA.txt	1687	513	1186	porter
common\decisions\FRA.txt	1688	460	1122	porter
common\decisions\FRA.txt	1706	459	1188	porter
common\decisions\FRA.txt	1707	513	1186	porter
common\decisions\FRA.txt	1708	460	1122	porter
common\decisions\GER.txt	519	6	455	porter
common\decisions\GER.txt	3146	260	2421	porter
common\decisions\GER.txt	3194	260	2421	porter
common\decisions\GER.txt	3241	260	2421	porter
common\decisions\GER.txt	3256	399	2658	porter
common\decisions\GER.txt	3281	260	2421	porter
common\decisions\GER.txt	3296	399	2658	porter
common\decisions\GER.txt	4346	26	770	porter
common\decisions\GER.txt	4457	13	155	porter
common\decisions\GER.txt	4462	53	1783	porter
common\decisions\GER.txt	4463	71	2661	porter
common\decisions\GER.txt	4464	75	532	porter
common\decisions\GER.txt	4628	399	2658	porter
common\decisions\GER.txt	4629	402	632	porter
common\decisions\GER.txt	5053	238	2410	porter
common\decisions\GER.txt	5062	206	2135	porter
common\decisions\GER.txt	5068	67	1658	porter
common\decisions\GER.txt	5070	91	1292	porter
common\decisions\GER.txt	5072	188	227	porter
common\decisions\GER.txt	5098	236	2516	porter
common\decisions\GER.txt	5102	94	2316	porter
common\decisions\GER.txt	5118	95	326	porter
common\decisions\GER.txt	5125	155	624	porter
common\decisions\GER.txt	5134	137	2127	porter
common\decisions\GER.txt	5658	784	241	porter
common\decisions\GER.txt	6284	213	19	porter
common\decisions\GER.txt	6379	407	430	porter
common\decisions\GER.txt	6725	974	690	porter
common\decisions\GER.txt	7015	406	2517	porter
common\decisions\GER.txt	7016	401	2429	porter
common\decisions\GER.txt	7041	256	2641	porter
common\decisions\GER.txt	7043	234	696	porter
common\decisions\GER.txt	7044	237	2513	porter
common\decisions\GER.txt	7046	217	457	porter
common\decisions\GER.txt	7049	239	366	porter
common\decisions\GER.txt	7051	249	2646	porter
common\decisions\GER.txt	7053	230	1005	porter
common\decisions\GER.txt	7057	126	2475	porter
common\decisions\GER.txt	7058	213	19	porter
common\decisions\GER.txt	7060	192	2063	porter
common\decisions\GER.txt	7063	214	41	porter
common\decisions\GER.txt	7065	204	2686	porter
common\decisions\GER.txt	7066	194	2577	porter
common\decisions\GER.txt	7068	191	152	porter
common\decisions\GER.txt	7141	126	2475	porter
common\decisions\GER.txt	7275	254	250	porter
common\decisions\GER.txt	8557	28	2747	porter
common\decisions\GER.txt	8562	18	552	porter
common\decisions\GER.txt	8563	29	466	porter
common\decisions\GER.txt	8575	28	2747	porter
common\decisions\GER.txt	8580	18	552	porter
common\decisions\GER.txt	8581	29	466	porter
common\decisions\GER.txt	8651	69	1672	porter
common\decisions\GER.txt	8652	972	539	porter
common\decisions\GER.txt	8653	74	499	porter
common\decisions\GER.txt	8654	9	513	porter
common\decisions\GER.txt	8655	75	532	porter
common\decisions\GER.txt	8666	69	1672	porter
common\decisions\GER.txt	8667	972	539	porter
common\decisions\GER.txt	8668	74	499	porter
common\decisions\GER.txt	8669	9	513	porter
common\decisions\GER.txt	8670	75	532	porter
common\decisions\HOL.txt	515	7	402	porter
common\decisions\HUN.txt	1392	70	2662	porter
common\decisions\HUN.txt	1419	70	2662	porter
common\decisions\HUN.txt	1479	71	2661	porter
common\decisions\HUN.txt	1506	71	2661	porter
common\decisions\HUN.txt	1724	664	1439	porter
common\decisions\HUN.txt	1783	664	1439	porter
common\decisions\HUN.txt	3564	664	1439	porter
common\decisions\HUN.txt	3585	664	1439	porter
common\decisions\HUN.txt	3612	664	1439	porter
common\decisions\HUN.txt	3968	10	508	porter
common\decisions\HUN.txt	3997	88	1157	porter
common\decisions\HUN.txt	3998	91	1292	porter
common\decisions\HUN.txt	3999	89	1164	porter
common\decisions\ITA.txt	3355	448	1241	porter
common\decisions\POL.txt	3044	238	2410	porter
common\decisions\POL.txt	3045	217	457	porter
common\decisions\POL.txt	3089	234	696	porter
common\decisions\POL.txt	3090	235	2867	porter
common\decisions\resource_prospecting.txt	1877	450	1251	porter
common\decisions\resource_prospecting.txt	1884	450	1251	porter
common\decisions\resource_prospecting.txt	1885	450	1251	porter
common\decisions\resource_prospecting.txt	1889	450	1251	porter
common\decisions\resource_prospecting.txt	1890	450	1251	porter
common\decisions\resource_prospecting.txt	1991	450	1251	porter
common\decisions\resource_prospecting.txt	1998	450	1251	porter
common\decisions\resource_prospecting.txt	1999	450	1251	porter
common\decisions\resource_prospecting.txt	2003	450	1251	porter
common\decisions\resource_prospecting.txt	2004	450	1251	porter
common\decisions\resource_prospecting.txt	2109	450	1251	porter
common\decisions\resource_prospecting.txt	2116	450	1251	porter
common\decisions\resource_prospecting.txt	2117	450	1251	porter
common\decisions\resource_prospecting.txt	2121	450	1251	porter
common\decisions\resource_prospecting.txt	2122	450	1251	porter
common\decisions\resource_prospecting.txt	4258	155	624	porter
common\decisions\resource_prospecting.txt	4264	155	624	porter
common\decisions\resource_prospecting.txt	4265	155	624	porter
common\decisions\resource_prospecting.txt	4278	155	624	porter
common\decisions\resource_prospecting.txt	4279	155	624	porter
common\decisions\ROM.txt	2674	104	776	porter
common\decisions\SLO.txt	80	73	2246	porter
common\decisions\SLO.txt	81	664	1439	porter
common\decisions\SLO.txt	108	71	2661	porter
common\decisions\SLO.txt	116	73	2246	porter
common\decisions\SLO.txt	200	73	2246	porter
common\decisions\SLO.txt	219	71	2661	porter
common\decisions\SLO.txt	306	71	2661	porter
common\decisions\SLO.txt	313	73	2246	porter
common\decisions\SOV.txt	8968	191	152	porter
common\decisions\SOV.txt	8969	191	152	porter
common\decisions\SOV.txt	10532	85	280	porter
common\decisions\SOV.txt	10590	217	457	porter
common\decisions\SOV.txt	10807	188	227	porter
common\decisions\SOV.txt	10808	814	2522	porter
common\decisions\SOV.txt	10809	189	208	porter
common\decisions\SOV.txt	10810	11	274	porter
common\decisions\SOV.txt	10811	815	1339	porter
common\decisions\SOV.txt	10813	190	67	porter
common\decisions\SOV.txt	10814	12	95	porter
common\decisions\SOV.txt	10815	809	1352	porter
common\decisions\SOV.txt	10817	808	172	porter
common\decisions\SOV.txt	10819	191	152	porter
common\decisions\SOV.txt	10820	13	155	porter
common\decisions\SOV.txt	10821	811	146	porter
common\decisions\SOV.txt	10822	812	133	porter
common\decisions\SOV.txt	10823	813	134	porter
common\decisions\SOV.txt	10837	188	227	porter
common\decisions\SOV.txt	10838	814	2522	porter
common\decisions\SOV.txt	10839	189	208	porter
common\decisions\SOV.txt	10840	11	274	porter
common\decisions\SOV.txt	10841	815	1339	porter
common\decisions\SOV.txt	10843	190	67	porter
common\decisions\SOV.txt	10844	12	95	porter
common\decisions\SOV.txt	10845	809	1352	porter
common\decisions\SOV.txt	10847	808	172	porter
common\decisions\SOV.txt	10849	191	152	porter
common\decisions\SOV.txt	10850	13	155	porter
common\decisions\SOV.txt	10851	811	146	porter
common\decisions\SOV.txt	10852	812	133	porter
common\decisions\SOV.txt	10853	813	134	porter
common\decisions\SOV.txt	10990	230	1005	porter
common\decisions\SOV.txt	10994	234	696	porter
common\decisions\SOV.txt	10995	235	2867	porter
common\decisions\SOV.txt	11013	230	1005	porter
common\decisions\SOV.txt	11017	234	696	porter
common\decisions\SOV.txt	11018	235	2867	porter
common\decisions\SOV.txt	11061	217	457	porter
common\decisions\SOV.txt	11063	238	2410	porter
common\decisions\SOV.txt	11064	237	2513	porter
common\decisions\SOV.txt	11065	236	2516	porter
common\decisions\SOV.txt	11080	217	457	porter
common\decisions\SOV.txt	11082	238	2410	porter
common\decisions\SOV.txt	11083	237	2513	porter
common\decisions\SOV.txt	11084	236	2516	porter
common\decisions\SOV.txt	12842	214	41	porter
common\decisions\SOV.txt	12846	214	41	porter
common\decisions\SOV.txt	12888	192	2063	porter
common\decisions\SOV.txt	12891	192	2063	porter
common\decisions\SOV.txt	12961	571	2387	porter
common\decisions\SOV.txt	12964	571	2387	porter
common\decisions\SWI.txt	537	28	2747	porter
common\decisions\_generic_decisions.txt	158	28	2747	porter
common\decisions\_generic_decisions.txt	163	18	552	porter
common\decisions\_generic_decisions.txt	164	29	466	porter
common\decisions\categories\BALTIC_decision_categories.txt	106	812	133	porter
common\decisions\categories\BALTIC_decision_categories.txt	241	808	172	porter
common\decisions\categories\FRA_decision_categories.txt	41	16	563	porter
common\decisions\categories\POL_decision_categories.txt	345	7	402	porter
common\factions\rules\joining_rules.txt	507	104	776	porter
common\factions\rules\joining_rules.txt	518	934	1519	porter
common\factions\rules\joining_rules.txt	519	44	1523	porter
common\factions\rules\joining_rules.txt	520	805	885	porter
common\factions\rules\joining_rules.txt	533	47	1074	porter
common\factions\rules\joining_rules.txt	572	104	776	porter
common\factions\rules\joining_rules.txt	583	934	1519	porter
common\factions\rules\joining_rules.txt	584	44	1523	porter
common\factions\rules\joining_rules.txt	585	805	885	porter
common\factions\rules\joining_rules.txt	598	47	1074	porter
common\factions\rules\joining_rules.txt	625	784	241	porter
common\factions\rules\joining_rules.txt	649	784	241	porter
common\ideas\czechoslovakia.txt	4351	9	513	porter
common\ideas\czechoslovakia.txt	5037	9	513	porter
common\ideas\czechoslovakia.txt	5039	9	513	porter
common\ideas\czechoslovakia.txt	5175	9	513	porter
common\ideas\czechoslovakia.txt	5177	9	513	porter
common\ideas\czechoslovakia.txt	5653	75	532	porter
common\ideas\italy.txt	3445	158	1423	porter
common\ideas\italy.txt	3471	158	1423	porter
common\ideas\italy.txt	4250	159	1359	porter
common\ideas\italy.txt	4276	159	1359	porter
common\ideas\italy.txt	4309	159	1359	porter
common\ideas\italy.txt	4335	159	1359	porter
common\ideas\italy.txt	4372	159	1359	porter
common\ideas\italy.txt	4398	159	1359	porter
common\ideas\italy.txt	4433	159	1359	porter
common\ideas\italy.txt	4459	159	1359	porter
common\ideas\italy.txt	4648	160	704	porter
common\ideas\italy.txt	4674	160	704	porter
common\ideas\italy.txt	4708	162	1387	porter
common\ideas\italy.txt	4734	162	1387	porter
common\ideas\italy.txt	4764	158	1423	porter
common\ideas\italy.txt	4786	158	1423	porter
common\ideas\italy.txt	4815	2	2607	porter
common\ideas\italy.txt	4837	2	2607	porter
common\ideas\italy.txt	4872	161	779	porter
common\ideas\italy.txt	4898	161	779	porter
common\ideas\_economic.txt	1058	85	280	porter
common\ideas\_economic.txt	1059	807	280	porter
common\ideas\_economic.txt	1063	85	280	porter
common\ideas\_economic.txt	1064	807	280	porter
common\military_industrial_organization\organizations\CZE_organization.txt	327	9	513	porter
common\military_industrial_organization\organizations\CZE_organization.txt	345	9	513	porter
common\military_industrial_organization\organizations\CZE_organization.txt	347	9	513	porter
common\military_industrial_organization\organizations\CZE_organization.txt	394	9	513	porter
common\military_industrial_organization\organizations\CZE_organization.txt	396	9	513	porter
common\military_industrial_organization\organizations\CZE_organization.txt	1200	9	513	porter
common\military_industrial_organization\organizations\CZE_organization.txt	1202	9	513	porter
common\military_industrial_organization\organizations\CZE_organization.txt	1506	75	532	porter
common\military_industrial_organization\organizations\CZE_organization.txt	1508	75	532	porter
common\military_industrial_organization\organizations\FRA_organization.txt	500	28	2747	porter
common\military_industrial_organization\organizations\GER_organization.txt	3606	4	1802	porter
common\military_industrial_organization\organizations\GER_organization.txt	3608	4	1802	porter
common\military_industrial_organization\organizations\ITA_organization.txt	55	158	1423	porter
common\military_industrial_organization\organizations\ITA_organization.txt	233	158	1423	porter
common\military_industrial_organization\organizations\ITA_organization.txt	273	117	1402	porter
common\military_industrial_organization\organizations\ITA_organization.txt	353	849	2921	porter
common\military_industrial_organization\organizations\ITA_organization.txt	428	159	1359	porter
common\military_industrial_organization\organizations\ITA_organization.txt	469	159	1359	porter
common\military_industrial_organization\organizations\ITA_organization.txt	588	159	1359	porter
common\military_industrial_organization\organizations\ITA_organization.txt	629	158	1423	porter
common\military_industrial_organization\organizations\ITA_organization.txt	690	117	1402	porter
common\national_focus\austria.txt	8326	69	1672	porter
common\national_focus\austria.txt	8339	972	539	porter
common\national_focus\austria.txt	8365	75	532	porter
common\national_focus\austria.txt	8378	74	499	porter
common\national_focus\austria.txt	8701	934	1519	porter
common\national_focus\austria.txt	8714	44	1523	porter
common\national_focus\austria.txt	8727	805	885	porter
common\national_focus\austria.txt	8803	88	1157	porter
common\national_focus\austria.txt	8816	89	1164	porter
common\national_focus\austria.txt	8829	91	1292	porter
common\national_focus\austria.txt	9505	154	646	porter
common\national_focus\austria.txt	9507	973	1821	porter
common\national_focus\austria.txt	9514	74	499	porter
common\national_focus\czechoslovakia_mu.txt	1828	65	411	porter
common\national_focus\czechoslovakia_mu.txt	3492	153	1793	porter
common\national_focus\czechoslovakia_mu.txt	4888	16	563	porter
common\national_focus\czechoslovakia_mu.txt	12802	89	1164	porter
common\national_focus\czechoslovakia_mu.txt	12803	91	1292	porter
common\national_focus\czechoslovakia_mu.txt	12845	89	1164	porter
common\national_focus\czechoslovakia_mu.txt	12846	91	1292	porter
common\national_focus\estonia.txt	2429	13	155	porter
common\national_focus\estonia.txt	2459	811	146	porter
common\national_focus\estonia.txt	2463	811	146	porter
common\national_focus\finland.txt	3191	13	155	porter
common\national_focus\finland.txt	4243	13	155	porter
common\national_focus\finland.txt	4268	13	155	porter
common\national_focus\finland.txt	4341	13	155	porter
common\national_focus\finland.txt	6939	13	155	porter
common\national_focus\germany.txt	6161	99	34	porter
common\national_focus\germany.txt	6162	912	104	porter
common\national_focus\germany.txt	6168	7	402	porter
common\national_focus\germany.txt	6170	6	455	porter
common\national_focus\germany.txt	6172	29	466	porter
common\national_focus\germany.txt	6173	785	442	porter
common\national_focus\germany.txt	6982	807	280	porter
common\national_focus\germany.txt	8878	16	563	porter
common\national_focus\germany.txt	10331	69	1672	porter
common\national_focus\germany.txt	10332	972	539	porter
common\national_focus\germany.txt	10333	74	499	porter
common\national_focus\germany.txt	11966	85	280	porter
common\national_focus\germany.txt	21746	69	1672	porter
common\national_focus\germany.txt	21747	972	539	porter
common\national_focus\germany.txt	21748	9	513	porter
common\national_focus\germany.txt	21749	75	532	porter
common\national_focus\germany.txt	21750	74	499	porter
common\national_focus\germany.txt	21780	69	1672	porter
common\national_focus\germany.txt	21781	972	539	porter
common\national_focus\germany.txt	21782	9	513	porter
common\national_focus\germany.txt	21783	75	532	porter
common\national_focus\germany.txt	21784	74	499	porter
common\national_focus\germany.txt	21835	69	1672	porter
common\national_focus\germany.txt	21836	972	539	porter
common\national_focus\germany.txt	21837	9	513	porter
common\national_focus\germany.txt	21838	75	532	porter
common\national_focus\germany.txt	21839	74	499	porter
common\national_focus\germany.txt	21909	807	280	porter
common\national_focus\germany.txt	21910	85	280	porter
common\national_focus\germany.txt	21913	88	1157	porter
common\national_focus\germany.txt	21917	10	508	porter
common\national_focus\germany.txt	21947	807	280	porter
common\national_focus\germany.txt	21948	85	280	porter
common\national_focus\germany.txt	21951	88	1157	porter
common\national_focus\germany.txt	21955	10	508	porter
common\national_focus\germany.txt	22010	807	280	porter
common\national_focus\germany.txt	22011	85	280	porter
common\national_focus\germany.txt	22014	88	1157	porter
common\national_focus\germany.txt	22018	10	508	porter
common\national_focus\germany.txt	22087	155	624	porter
common\national_focus\germany.txt	22089	973	1821	porter
common\national_focus\germany.txt	22090	43	611	porter
common\national_focus\germany.txt	22091	154	646	porter
common\national_focus\germany.txt	22120	155	624	porter
common\national_focus\germany.txt	22122	973	1821	porter
common\national_focus\germany.txt	22123	43	611	porter
common\national_focus\germany.txt	22124	154	646	porter
common\national_focus\germany.txt	22175	155	624	porter
common\national_focus\germany.txt	22177	973	1821	porter
common\national_focus\germany.txt	22178	43	611	porter
common\national_focus\germany.txt	22179	154	646	porter
common\national_focus\germany.txt	25098	664	1439	porter
common\national_focus\germany.txt	25198	664	1439	porter
common\national_focus\germany.txt	27145	664	1439	porter
common\national_focus\germany.txt	27231	664	1439	porter
common\national_focus\germany.txt	27401	664	1439	porter
common\national_focus\germany.txt	27482	664	1439	porter
common\national_focus\germany.txt	30070	99	34	porter
common\national_focus\germany.txt	30118	99	34	porter
common\national_focus\germany.txt	33329	85	280	porter
common\national_focus\germany.txt	33332	807	280	porter
common\national_focus\hungary.txt	252	4	1802	porter
common\national_focus\hungary.txt	254	153	1793	porter
common\national_focus\hungary.txt	255	152	1800	porter
common\national_focus\hungary.txt	312	4	1802	porter
common\national_focus\hungary.txt	345	152	1800	porter
common\national_focus\hungary.txt	346	153	1793	porter
common\national_focus\hungary.txt	348	4	1802	porter
common\national_focus\hungary.txt	521	104	776	porter
common\national_focus\hungary.txt	583	160	704	porter
common\national_focus\hungary.txt	634	88	1157	porter
common\national_focus\hungary.txt	635	89	1164	porter
common\national_focus\hungary.txt	636	91	1292	porter
common\national_focus\hungary.txt	722	66	1666	porter
common\national_focus\hungary.txt	723	67	1658	porter
common\national_focus\hungary.txt	724	162	1387	porter
common\national_focus\hungary.txt	725	17	627	porter
common\national_focus\hungary.txt	726	159	1359	porter
common\national_focus\hungary.txt	727	161	779	porter
common\national_focus\hungary.txt	1997	664	1439	porter
common\national_focus\hungary.txt	2004	664	1439	porter
common\national_focus\hungary.txt	2005	664	1439	porter
common\national_focus\hungary.txt	2023	664	1439	porter
common\national_focus\hungary.txt	2026	664	1439	porter
common\national_focus\hungary.txt	2050	664	1439	porter
common\national_focus\hungary.txt	2185	70	2662	porter
common\national_focus\hungary.txt	2186	71	2661	porter
common\national_focus\hungary.txt	2188	73	2246	porter
common\national_focus\hungary.txt	2208	70	2662	porter
common\national_focus\hungary.txt	2209	71	2661	porter
common\national_focus\hungary.txt	2211	73	2246	porter
common\national_focus\hungary.txt	2236	70	2662	porter
common\national_focus\hungary.txt	2237	71	2661	porter
common\national_focus\hungary.txt	2239	73	2246	porter
common\national_focus\hungary.txt	2295	664	1439	porter
common\national_focus\hungary.txt	2296	73	2246	porter
common\national_focus\hungary.txt	2802	155	624	porter
common\national_focus\hungary.txt	2817	43	611	porter
common\national_focus\hungary.txt	2832	664	1439	porter
common\national_focus\hungary.txt	3180	43	611	porter
common\national_focus\hungary.txt	4865	43	611	porter
common\national_focus\hungary_wuw.txt	1383	664	1439	porter
common\national_focus\hungary_wuw.txt	2149	10	508	porter
common\national_focus\hungary_wuw.txt	2227	88	1157	porter
common\national_focus\hungary_wuw.txt	2228	91	1292	porter
common\national_focus\hungary_wuw.txt	2229	89	1164	porter
common\national_focus\hungary_wuw.txt	2232	93	434	porter
common\national_focus\hungary_wuw.txt	2547	93	434	porter
common\national_focus\hungary_wuw.txt	2565	201	436	porter
common\national_focus\hungary_wuw.txt	2601	192	2063	porter
common\national_focus\hungary_wuw.txt	2682	227	557	porter
common\national_focus\hungary_wuw.txt	2709	137	2127	porter
common\national_focus\hungary_wuw.txt	2727	234	696	porter
common\national_focus\hungary_wuw.txt	2769	93	434	porter
common\national_focus\hungary_wuw.txt	2771	201	436	porter
common\national_focus\hungary_wuw.txt	2774	192	2063	porter
common\national_focus\hungary_wuw.txt	2786	227	557	porter
common\national_focus\hungary_wuw.txt	2788	137	2127	porter
common\national_focus\hungary_wuw.txt	2790	234	696	porter
common\national_focus\hungary_wuw.txt	2802	93	434	porter
common\national_focus\hungary_wuw.txt	2804	201	436	porter
common\national_focus\hungary_wuw.txt	2807	192	2063	porter
common\national_focus\hungary_wuw.txt	2819	227	557	porter
common\national_focus\hungary_wuw.txt	2821	137	2127	porter
common\national_focus\hungary_wuw.txt	2823	234	696	porter
common\national_focus\hungary_wuw.txt	3065	664	1439	porter
common\national_focus\hungary_wuw.txt	6976	4	1802	porter
common\national_focus\hungary_wuw.txt	7044	9	513	porter
common\national_focus\hungary_wuw.txt	7062	4	1802	porter
common\national_focus\hungary_wuw.txt	8304	43	611	porter
common\national_focus\hungary_wuw.txt	9222	664	1439	porter
common\national_focus\hungary_wuw.txt	14065	154	646	porter
common\national_focus\hungary_wuw.txt	14180	154	646	porter
common\national_focus\hungary_wuw.txt	14443	973	1821	porter
common\national_focus\hungary_wuw.txt	15262	664	1439	porter
common\national_focus\hungary_wuw.txt	15291	664	1439	porter
common\national_focus\hungary_wuw.txt	15341	664	1439	porter
common\national_focus\hungary_wuw.txt	15576	664	1439	porter
common\national_focus\hungary_wuw.txt	15654	664	1439	porter
common\national_focus\hungary_wuw.txt	15794	664	1439	porter
common\national_focus\hungary_wuw.txt	16493	664	1439	porter
common\national_focus\hungary_wuw.txt	16630	664	1439	porter
common\national_focus\hungary_wuw.txt	18383	664	1439	porter
common\national_focus\latvia.txt	2469	784	241	porter
common\national_focus\latvia.txt	2470	96	1000	porter
common\national_focus\latvia.txt	2471	95	326	porter
common\national_focus\latvia.txt	2472	94	2316	porter
common\national_focus\lithuania.txt	439	784	241	porter
common\national_focus\lithuania.txt	2966	784	241	porter
common\national_focus\lithuania.txt	3879	784	241	porter
common\national_focus\turkey.txt	8245	230	1005	porter
common\national_focus\turkey.txt	8266	230	1005	porter
common\national_focus\turkey.txt	8288	230	1005	porter
common\national_focus\turkey.txt	8312	230	1005	porter
common\on_actions\00_on_actions.txt	4605	16	563	porter
common\on_actions\00_on_actions.txt	4732	85	280	porter
common\on_actions\04_mtg_on_actions.txt	2551	16	563	porter
common\on_actions\08_bba_on_actions.txt	27	44	1523	porter
common\on_actions\09_aat_on_actions.txt	3282	213	19	porter
common\on_actions\12_wuw_on_actions.txt	2537	234	696	porter
common\on_actions\12_wuw_on_actions.txt	2560	401	2429	porter
common\on_actions\12_wuw_on_actions.txt	2580	402	632	porter
common\on_actions\12_wuw_on_actions.txt	2622	16	563	porter
common\on_actions\12_wuw_on_actions.txt	2667	6	455	porter
common\on_actions\13_goe_on_actions.txt	114	230	1005	porter
common\on_actions\13_goe_on_actions.txt	116	450	1251	porter
common\on_actions\15_mun_on_actions.txt	6	73	2246	porter
common\on_actions\15_mun_on_actions.txt	27	73	2246	porter
common\on_actions\15_mun_on_actions.txt	50	9	513	porter
common\on_actions\15_mun_on_actions.txt	51	74	499	porter
common\on_actions\15_mun_on_actions.txt	76	73	2246	porter
common\on_actions\15_mun_on_actions.txt	77	71	2661	porter
common\on_actions\15_mun_on_actions.txt	388	73	2246	porter
common\on_actions\15_mun_on_actions.txt	389	71	2661	porter
common\on_actions\15_mun_on_actions.txt	412	155	624	porter
common\operations\LaR_FRA_operations.txt	548	459	1188	porter
common\operations\LaR_FRA_operations.txt	549	513	1186	porter
common\operations\LaR_FRA_operations.txt	550	460	1122	porter
common\operations\LaR_FRA_operations.txt	567	459	1188	porter
common\operations\LaR_FRA_operations.txt	568	513	1186	porter
common\operations\LaR_FRA_operations.txt	569	460	1122	porter
common\operations\LaR_FRA_operations.txt	598	459	1188	porter
common\operations\LaR_FRA_operations.txt	599	513	1186	porter
common\operations\LaR_FRA_operations.txt	600	460	1122	porter
common\operations\LaR_FRA_operations.txt	622	459	1188	porter
common\operations\LaR_FRA_operations.txt	623	513	1186	porter
common\operations\LaR_FRA_operations.txt	624	460	1122	porter
common\operations\POL_historical_operations.txt	103	10	508	porter
common\operations\POL_historical_operations.txt	105	162	1387	porter
common\operations\POL_historical_operations.txt	106	784	241	porter
common\operations\POL_historical_operations.txt	107	807	280	porter
common\operations\POL_historical_operations.txt	108	85	280	porter
common\operations\POL_historical_operations.txt	111	88	1157	porter
common\operations\POL_historical_operations.txt	112	89	1164	porter
common\operations\POL_historical_operations.txt	114	91	1292	porter
common\operations\POL_historical_operations.txt	116	93	434	porter
common\operations\POL_historical_operations.txt	117	94	2316	porter
common\operations\POL_historical_operations.txt	118	95	326	porter
common\operations\POL_historical_operations.txt	119	96	1000	porter
common\operations\POL_historical_operations.txt	120	97	2485	porter
common\peace_conference\ai_peace\00_misc.txt	42	126	2475	porter
common\peace_conference\ai_peace\00_misc.txt	47	137	2127	porter
common\peace_conference\ai_peace\00_misc.txt	89	126	2475	porter
common\peace_conference\ai_peace\00_misc.txt	94	137	2127	porter
common\peace_conference\ai_peace\SOV.txt	62	73	2246	porter
common\peace_conference\ai_peace\yalta.txt	53	54	1773	porter
common\peace_conference\ai_peace\yalta.txt	55	53	1783	porter
common\peace_conference\ai_peace\yalta.txt	82	54	1773	porter
common\peace_conference\ai_peace\yalta.txt	84	53	1783	porter
common\peace_conference\cost_modifiers\GER_peace.txt	196	66	1666	porter
common\peace_conference\cost_modifiers\GER_peace.txt	197	67	1658	porter
common\peace_conference\cost_modifiers\yalta_peace.txt	259	153	1793	porter
common\peace_conference\cost_modifiers\yalta_peace.txt	260	152	1800	porter
common\peace_conference\cost_modifiers\yalta_peace.txt	262	4	1802	porter
common\peace_conference\cost_modifiers\yalta_peace.txt	295	153	1793	porter
common\peace_conference\cost_modifiers\yalta_peace.txt	296	152	1800	porter
common\peace_conference\cost_modifiers\yalta_peace.txt	298	4	1802	porter
common\scripted_effects\BUL_scripted_effects.txt	724	807	280	porter
common\scripted_effects\BUL_scripted_effects.txt	725	85	280	porter
common\scripted_effects\DEN_scripted_effects.txt	3520	124	226	porter
common\scripted_effects\GER_scripted_effects.txt	1170	85	280	porter
common\scripted_effects\GER_scripted_effects.txt	1171	807	280	porter
common\scripted_effects\GER_scripted_effects.txt	1176	97	2485	porter
common\scripted_effects\GER_scripted_effects.txt	1267	69	1672	porter
common\scripted_effects\GER_scripted_effects.txt	1278	972	539	porter
common\scripted_effects\GER_scripted_effects.txt	1289	74	499	porter
common\scripted_effects\GER_scripted_effects.txt	1365	807	280	porter
common\scripted_effects\GER_scripted_effects.txt	1366	85	280	porter
common\scripted_effects\GER_scripted_effects.txt	1369	88	1157	porter
common\scripted_effects\GER_scripted_effects.txt	1373	10	508	porter
common\scripted_effects\GER_scripted_effects.txt	1377	69	1672	porter
common\scripted_effects\GER_scripted_effects.txt	1378	972	539	porter
common\scripted_effects\GER_scripted_effects.txt	1379	9	513	porter
common\scripted_effects\GER_scripted_effects.txt	1380	75	532	porter
common\scripted_effects\GER_scripted_effects.txt	1381	74	499	porter
common\scripted_effects\GER_scripted_effects.txt	1412	89	1164	porter
common\scripted_effects\GER_scripted_effects.txt	1413	91	1292	porter
common\scripted_effects\GER_scripted_effects.txt	1414	93	434	porter
common\scripted_effects\GER_scripted_effects.txt	1415	94	2316	porter
common\scripted_effects\GER_scripted_effects.txt	1416	95	326	porter
common\scripted_effects\GER_scripted_effects.txt	1417	96	1000	porter
common\scripted_effects\GER_scripted_effects.txt	1418	97	2485	porter
common\scripted_effects\ITA_scripted_effects.txt	3264	115	1415	porter
common\scripted_localisation\NSB_soviet_scripted_loc.txt	916	217	457	porter
common\scripted_localisation\NSB_soviet_scripted_loc.txt	928	206	2135	porter
common\scripted_localisation\NSB_soviet_scripted_loc.txt	940	75	532	porter
common\scripted_localisation\NSB_soviet_scripted_loc.txt	946	88	1157	porter
common\scripted_localisation\NSB_soviet_scripted_loc.txt	952	10	508	porter
common\scripted_localisation\NSB_soviet_scripted_loc.txt	958	812	133	porter
common\scripted_localisation\NSB_soviet_scripted_loc.txt	964	808	172	porter
common\scripted_localisation\NSB_soviet_scripted_loc.txt	970	43	611	porter
common\scripted_localisation\NSB_soviet_scripted_loc.txt	982	44	1523	porter
common\scripted_localisation\NSB_soviet_scripted_loc.txt	988	9	513	porter
common\scripted_localisation\NSB_soviet_scripted_loc.txt	994	2	2607	porter
common\scripted_localisation\NSB_soviet_scripted_loc.txt	1024	111	29	porter
common\scripted_localisation\NSB_soviet_scripted_loc.txt	1042	37	347	porter
common\scripted_localisation\NSB_soviet_scripted_loc.txt	1048	7	402	porter
common\scripted_localisation\NSB_soviet_scripted_loc.txt	1054	16	563	porter
common\scripted_localisation\NSB_soviet_scripted_loc.txt	1060	126	2475	porter
common\scripted_triggers\00_scripted_triggers.txt	817	162	1387	porter
common\scripted_triggers\00_scripted_triggers.txt	818	2	2607	porter
common\scripted_triggers\00_scripted_triggers.txt	819	117	1402	porter
common\scripted_triggers\00_scripted_triggers.txt	821	115	1415	porter
common\scripted_triggers\00_scripted_triggers.txt	822	1	1422	porter
common\scripted_triggers\00_scripted_triggers.txt	825	849	2921	porter
common\scripted_triggers\00_scripted_triggers.txt	827	158	1423	porter
common\scripted_triggers\00_scripted_triggers.txt	828	161	779	porter
common\scripted_triggers\00_scripted_triggers.txt	829	160	704	porter
common\scripted_triggers\00_scripted_triggers.txt	835	44	1523	porter
common\scripted_triggers\00_scripted_triggers.txt	836	805	885	porter
common\scripted_triggers\00_scripted_triggers.txt	839	47	1074	porter
common\scripted_triggers\00_scripted_triggers.txt	863	450	1251	porter
common\scripted_triggers\00_scripted_triggers.txt	865	448	1241	porter
common\scripted_triggers\00_scripted_triggers.txt	868	460	1122	porter
common\scripted_triggers\00_scripted_triggers.txt	869	459	1188	porter
common\scripted_triggers\00_scripted_triggers.txt	872	934	1519	porter
common\scripted_triggers\00_scripted_triggers.txt	879	37	347	porter
common\scripted_triggers\00_scripted_triggers.txt	880	911	240	porter
common\scripted_triggers\00_scripted_triggers.txt	881	912	104	porter
common\scripted_triggers\00_scripted_triggers.txt	887	807	280	porter
common\scripted_triggers\00_scripted_triggers.txt	888	85	280	porter
common\scripted_triggers\00_scripted_triggers.txt	891	188	227	porter
common\scripted_triggers\00_scripted_triggers.txt	892	189	208	porter
common\scripted_triggers\00_scripted_triggers.txt	893	190	67	porter
common\scripted_triggers\00_scripted_triggers.txt	894	809	1352	porter
common\scripted_triggers\00_scripted_triggers.txt	895	808	172	porter
common\scripted_triggers\00_scripted_triggers.txt	896	12	95	porter
common\scripted_triggers\00_scripted_triggers.txt	897	13	155	porter
common\scripted_triggers\00_scripted_triggers.txt	898	811	146	porter
common\scripted_triggers\00_scripted_triggers.txt	899	812	133	porter
common\scripted_triggers\00_scripted_triggers.txt	900	813	134	porter
common\scripted_triggers\00_scripted_triggers.txt	905	111	29	porter
common\scripted_triggers\00_scripted_triggers.txt	910	148	14	porter
common\scripted_triggers\00_scripted_triggers.txt	917	138	202	porter
common\scripted_triggers\00_scripted_triggers.txt	918	124	226	porter
common\scripted_triggers\00_scripted_triggers.txt	1027	158	1423	porter
common\scripted_triggers\00_scripted_triggers.txt	1028	159	1359	porter
common\scripted_triggers\00_scripted_triggers.txt	1035	153	1793	porter
common\scripted_triggers\00_scripted_triggers.txt	1036	152	1800	porter
common\scripted_triggers\00_scripted_triggers.txt	1037	4	1802	porter
common\scripted_triggers\00_scripted_triggers.txt	1333	138	202	porter
common\scripted_triggers\00_scripted_triggers.txt	1334	99	34	porter
common\scripted_triggers\00_scripted_triggers.txt	1335	911	240	porter
common\scripted_triggers\00_scripted_triggers.txt	1336	912	104	porter
common\scripted_triggers\00_scripted_triggers.txt	1337	37	347	porter
common\scripted_triggers\00_scripted_triggers.txt	1349	912	104	porter
common\scripted_triggers\00_scripted_triggers.txt	1350	99	34	porter
common\scripted_triggers\00_scripted_triggers_FR_loc.txt	2850	8	500	porter
common\scripted_triggers\00_scripted_triggers_FR_loc.txt	2853	153	1793	porter
common\scripted_triggers\00_scripted_triggers_FR_loc.txt	2854	158	1423	porter
common\scripted_triggers\00_scripted_triggers_FR_loc.txt	2909	192	2063	porter
common\scripted_triggers\00_scripted_triggers_FR_loc.txt	2910	214	41	porter
common\scripted_triggers\00_scripted_triggers_FR_loc.txt	2914	236	2516	porter
common\scripted_triggers\00_scripted_triggers_FR_loc.txt	2915	237	2513	porter
common\scripted_triggers\00_scripted_triggers_FR_loc.txt	2916	250	261	porter
common\scripted_triggers\00_scripted_triggers_FR_loc.txt	2926	399	2658	porter
common\scripted_triggers\00_scripted_triggers_FR_loc.txt	2927	401	2429	porter
common\scripted_triggers\00_scripted_triggers_FR_loc.txt	2928	402	632	porter
common\scripted_triggers\00_scripted_triggers_FR_loc.txt	2929	407	430	porter
common\scripted_triggers\00_scripted_triggers_FR_loc.txt	2937	459	1188	porter
common\scripted_triggers\00_scripted_triggers_FR_loc.txt	2943	571	2387	porter
common\scripted_triggers\00_scripted_triggers_FR_loc.txt	2950	651	2388	porter
common\scripted_triggers\00_scripted_triggers_FR_loc.txt	2962	10	508	porter
common\scripted_triggers\00_scripted_triggers_FR_loc.txt	2963	11	274	porter
common\scripted_triggers\00_scripted_triggers_FR_loc.txt	2967	85	280	porter
common\scripted_triggers\00_scripted_triggers_FR_loc.txt	2970	88	1157	porter
common\scripted_triggers\00_scripted_triggers_FR_loc.txt	2971	89	1164	porter
common\scripted_triggers\00_scripted_triggers_FR_loc.txt	2973	91	1292	porter
common\scripted_triggers\00_scripted_triggers_FR_loc.txt	2975	95	326	porter
common\scripted_triggers\00_scripted_triggers_FR_loc.txt	2976	96	1000	porter
common\scripted_triggers\00_scripted_triggers_FR_loc.txt	2977	97	2485	porter
common\scripted_triggers\00_scripted_triggers_FR_loc.txt	2983	148	14	porter
common\scripted_triggers\00_scripted_triggers_FR_loc.txt	2994	188	227	porter
common\scripted_triggers\00_scripted_triggers_FR_loc.txt	2995	189	208	porter
common\scripted_triggers\00_scripted_triggers_FR_loc.txt	2996	191	152	porter
common\scripted_triggers\00_scripted_triggers_FR_loc.txt	2998	194	2577	porter
common\scripted_triggers\00_scripted_triggers_FR_loc.txt	3005	201	436	porter
common\scripted_triggers\00_scripted_triggers_FR_loc.txt	3008	204	2686	porter
common\scripted_triggers\00_scripted_triggers_FR_loc.txt	3010	206	2135	porter
common\scripted_triggers\00_scripted_triggers_FR_loc.txt	3017	213	19	porter
common\scripted_triggers\00_scripted_triggers_FR_loc.txt	3018	217	457	porter
common\scripted_triggers\00_scripted_triggers_FR_loc.txt	3027	227	557	porter
common\scripted_triggers\00_scripted_triggers_FR_loc.txt	3030	234	696	porter
common\scripted_triggers\00_scripted_triggers_FR_loc.txt	3031	235	2867	porter
common\scripted_triggers\00_scripted_triggers_FR_loc.txt	3032	238	2410	porter
common\scripted_triggers\00_scripted_triggers_FR_loc.txt	3033	239	366	porter
common\scripted_triggers\00_scripted_triggers_FR_loc.txt	3043	249	2646	porter
common\scripted_triggers\00_scripted_triggers_FR_loc.txt	3045	252	171	porter
common\scripted_triggers\00_scripted_triggers_FR_loc.txt	3046	254	250	porter
common\scripted_triggers\00_scripted_triggers_FR_loc.txt	3048	256	2641	porter
common\scripted_triggers\00_scripted_triggers_FR_loc.txt	3052	260	2421	porter
common\scripted_triggers\00_scripted_triggers_FR_loc.txt	3082	398	2636	porter
common\scripted_triggers\00_scripted_triggers_FR_loc.txt	3083	400	108	porter
common\scripted_triggers\00_scripted_triggers_FR_loc.txt	3087	406	2517	porter
common\scripted_triggers\00_scripted_triggers_FR_loc.txt	3104	448	1241	porter
common\scripted_triggers\00_scripted_triggers_FR_loc.txt	3105	450	1251	porter
common\scripted_triggers\00_scripted_triggers_FR_loc.txt	3108	460	1122	porter
common\scripted_triggers\00_scripted_triggers_FR_loc.txt	3116	513	1186	porter
common\scripted_triggers\00_scripted_triggers_FR_loc.txt	3126	572	2387	porter
common\scripted_triggers\00_scripted_triggers_FR_loc.txt	3174	784	241	porter
common\scripted_triggers\00_scripted_triggers_FR_loc.txt	3208	111	29	porter
common\scripted_triggers\00_scripted_triggers_FR_loc.txt	3210	154	646	porter
common\scripted_triggers\00_scripted_triggers_FR_loc.txt	3239	2	2607	porter
common\scripted_triggers\00_scripted_triggers_FR_loc.txt	3240	12	95	porter
common\scripted_triggers\00_scripted_triggers_FR_loc.txt	3241	13	155	porter
common\scripted_triggers\00_scripted_triggers_FR_loc.txt	3247	29	466	porter
common\scripted_triggers\00_scripted_triggers_FR_loc.txt	3250	37	347	porter
common\scripted_triggers\00_scripted_triggers_FR_loc.txt	3260	99	34	porter
common\scripted_triggers\00_scripted_triggers_FR_loc.txt	3264	126	2475	porter
common\scripted_triggers\00_scripted_triggers_FR_loc.txt	3432	6	455	porter
common\scripted_triggers\00_scripted_triggers_FR_loc.txt	3434	69	1672	porter
common\scripted_triggers\00_scripted_triggers_FR_loc.txt	3435	972	539	porter
common\scripted_triggers\00_scripted_triggers_FR_loc.txt	3436	74	499	porter
common\scripted_triggers\00_scripted_triggers_FR_loc.txt	3489	1	1422	porter
common\scripted_triggers\00_scripted_triggers_FR_loc.txt	3491	4	1802	porter
common\scripted_triggers\00_scripted_triggers_FR_loc.txt	3492	7	402	porter
common\scripted_triggers\00_scripted_triggers_FR_loc.txt	3493	9	513	porter
common\scripted_triggers\00_scripted_triggers_FR_loc.txt	3496	17	627	porter
common\scripted_triggers\00_scripted_triggers_FR_loc.txt	3497	18	552	porter
common\scripted_triggers\00_scripted_triggers_FR_loc.txt	3499	27	2614	porter
common\scripted_triggers\00_scripted_triggers_FR_loc.txt	3502	43	611	porter
common\scripted_triggers\00_scripted_triggers_FR_loc.txt	3505	47	1074	porter
common\scripted_triggers\00_scripted_triggers_FR_loc.txt	3508	53	1783	porter
common\scripted_triggers\00_scripted_triggers_FR_loc.txt	3509	54	1773	porter
common\scripted_triggers\00_scripted_triggers_FR_loc.txt	3513	60	1681	porter
common\scripted_triggers\00_scripted_triggers_FR_loc.txt	3516	65	411	porter
common\scripted_triggers\00_scripted_triggers_FR_loc.txt	3517	66	1666	porter
common\scripted_triggers\00_scripted_triggers_FR_loc.txt	3518	67	1658	porter
common\scripted_triggers\00_scripted_triggers_FR_loc.txt	3519	70	2662	porter
common\scripted_triggers\00_scripted_triggers_FR_loc.txt	3520	71	2661	porter
common\scripted_triggers\00_scripted_triggers_FR_loc.txt	3522	73	2246	porter
common\scripted_triggers\00_scripted_triggers_FR_loc.txt	3523	75	532	porter
common\scripted_triggers\00_scripted_triggers_FR_loc.txt	3531	93	434	porter
common\scripted_triggers\00_scripted_triggers_FR_loc.txt	3532	94	2316	porter
common\scripted_triggers\00_scripted_triggers_FR_loc.txt	3535	104	776	porter
common\scripted_triggers\00_scripted_triggers_FR_loc.txt	3541	115	1415	porter
common\scripted_triggers\00_scripted_triggers_FR_loc.txt	3542	117	1402	porter
common\scripted_triggers\00_scripted_triggers_FR_loc.txt	3543	137	2127	porter
common\scripted_triggers\00_scripted_triggers_FR_loc.txt	3544	138	202	porter
common\scripted_triggers\00_scripted_triggers_FR_loc.txt	3548	152	1800	porter
common\scripted_triggers\00_scripted_triggers_FR_loc.txt	3549	155	624	porter
common\scripted_triggers\00_scripted_triggers_FR_loc.txt	3551	159	1359	porter
common\scripted_triggers\00_scripted_triggers_FR_loc.txt	3552	160	704	porter
common\scripted_triggers\00_scripted_triggers_FR_loc.txt	3553	162	1387	porter
common\scripted_triggers\00_scripted_triggers_FR_loc.txt	3559	190	67	porter
common\scripted_triggers\00_scripted_triggers_FR_loc.txt	3602	664	1439	porter
common\scripted_triggers\00_scripted_triggers_FR_loc.txt	3618	785	442	porter
common\scripted_triggers\00_scripted_triggers_FR_loc.txt	3628	16	563	porter
common\scripted_triggers\00_scripted_triggers_FR_loc.txt	3630	26	770	porter
common\scripted_triggers\00_scripted_triggers_FR_loc.txt	3631	28	2747	porter
common\scripted_triggers\00_scripted_triggers_FR_loc.txt	3632	44	1523	porter
common\scripted_triggers\00_scripted_triggers_FR_loc.txt	3640	161	779	porter
common\scripted_triggers\00_scripted_triggers_FR_loc.txt	3652	230	1005	porter
common\scripted_triggers\00_scripted_triggers_FR_loc.txt	3683	124	226	porter
common\scripted_triggers\00_scripted_triggers_FR_loc.txt	3734	2	2607	porter
common\scripted_triggers\00_scripted_triggers_FR_loc.txt	3735	8	500	porter
common\scripted_triggers\00_scripted_triggers_FR_loc.txt	3736	12	95	porter
common\scripted_triggers\00_scripted_triggers_FR_loc.txt	3737	13	155	porter
common\scripted_triggers\00_scripted_triggers_FR_loc.txt	3743	29	466	porter
common\scripted_triggers\00_scripted_triggers_FR_loc.txt	3746	37	347	porter
common\scripted_triggers\00_scripted_triggers_FR_loc.txt	3756	99	34	porter
common\scripted_triggers\00_scripted_triggers_FR_loc.txt	3762	126	2475	porter
common\scripted_triggers\00_scripted_triggers_FR_loc.txt	3776	153	1793	porter
common\scripted_triggers\00_scripted_triggers_FR_loc.txt	3777	158	1423	porter
common\scripted_triggers\00_scripted_triggers_FR_loc.txt	3977	124	226	porter
common\scripted_triggers\00_scripted_triggers_FR_loc.txt	4025	154	646	porter
common\scripted_triggers\00_scripted_triggers_FR_loc.txt	4057	1	1422	porter
common\scripted_triggers\00_scripted_triggers_FR_loc.txt	4059	4	1802	porter
common\scripted_triggers\00_scripted_triggers_FR_loc.txt	4060	7	402	porter
common\scripted_triggers\00_scripted_triggers_FR_loc.txt	4061	9	513	porter
common\scripted_triggers\00_scripted_triggers_FR_loc.txt	4064	17	627	porter
common\scripted_triggers\00_scripted_triggers_FR_loc.txt	4065	18	552	porter
common\scripted_triggers\00_scripted_triggers_FR_loc.txt	4067	27	2614	porter
common\scripted_triggers\00_scripted_triggers_FR_loc.txt	4071	43	611	porter
common\scripted_triggers\00_scripted_triggers_FR_loc.txt	4074	47	1074	porter
common\scripted_triggers\00_scripted_triggers_FR_loc.txt	4077	53	1783	porter
common\scripted_triggers\00_scripted_triggers_FR_loc.txt	4078	54	1773	porter
common\scripted_triggers\00_scripted_triggers_FR_loc.txt	4082	60	1681	porter
common\scripted_triggers\00_scripted_triggers_FR_loc.txt	4085	65	411	porter
common\scripted_triggers\00_scripted_triggers_FR_loc.txt	4086	66	1666	porter
common\scripted_triggers\00_scripted_triggers_FR_loc.txt	4087	67	1658	porter
common\scripted_triggers\00_scripted_triggers_FR_loc.txt	4088	70	2662	porter
common\scripted_triggers\00_scripted_triggers_FR_loc.txt	4089	71	2661	porter
common\scripted_triggers\00_scripted_triggers_FR_loc.txt	4091	73	2246	porter
common\scripted_triggers\00_scripted_triggers_FR_loc.txt	4092	75	532	porter
common\scripted_triggers\00_scripted_triggers_FR_loc.txt	4100	93	434	porter
common\scripted_triggers\00_scripted_triggers_FR_loc.txt	4101	94	2316	porter
common\scripted_triggers\00_scripted_triggers_FR_loc.txt	4104	104	776	porter
common\scripted_triggers\00_scripted_triggers_FR_loc.txt	4110	115	1415	porter
common\scripted_triggers\00_scripted_triggers_FR_loc.txt	4111	117	1402	porter
common\scripted_triggers\00_scripted_triggers_FR_loc.txt	4112	137	2127	porter
common\scripted_triggers\00_scripted_triggers_FR_loc.txt	4113	138	202	porter
common\scripted_triggers\00_scripted_triggers_FR_loc.txt	4117	152	1800	porter
common\scripted_triggers\00_scripted_triggers_FR_loc.txt	4118	155	624	porter
common\scripted_triggers\00_scripted_triggers_FR_loc.txt	4120	159	1359	porter
common\scripted_triggers\00_scripted_triggers_FR_loc.txt	4121	160	704	porter
common\scripted_triggers\00_scripted_triggers_FR_loc.txt	4122	162	1387	porter
common\scripted_triggers\00_scripted_triggers_FR_loc.txt	4128	190	67	porter
common\scripted_triggers\00_scripted_triggers_FR_loc.txt	4172	664	1439	porter
common\scripted_triggers\00_scripted_triggers_FR_loc.txt	4189	785	442	porter
common\scripted_triggers\00_scripted_triggers_FR_loc.txt	4197	10	508	porter
common\scripted_triggers\00_scripted_triggers_FR_loc.txt	4198	11	274	porter
common\scripted_triggers\00_scripted_triggers_FR_loc.txt	4202	85	280	porter
common\scripted_triggers\00_scripted_triggers_FR_loc.txt	4205	88	1157	porter
common\scripted_triggers\00_scripted_triggers_FR_loc.txt	4206	89	1164	porter
common\scripted_triggers\00_scripted_triggers_FR_loc.txt	4208	91	1292	porter
common\scripted_triggers\00_scripted_triggers_FR_loc.txt	4210	95	326	porter
common\scripted_triggers\00_scripted_triggers_FR_loc.txt	4211	96	1000	porter
common\scripted_triggers\00_scripted_triggers_FR_loc.txt	4212	97	2485	porter
common\scripted_triggers\00_scripted_triggers_FR_loc.txt	4218	148	14	porter
common\scripted_triggers\00_scripted_triggers_FR_loc.txt	4229	188	227	porter
common\scripted_triggers\00_scripted_triggers_FR_loc.txt	4230	189	208	porter
common\scripted_triggers\00_scripted_triggers_FR_loc.txt	4231	191	152	porter
common\scripted_triggers\00_scripted_triggers_FR_loc.txt	4233	194	2577	porter
common\scripted_triggers\00_scripted_triggers_FR_loc.txt	4240	201	436	porter
common\scripted_triggers\00_scripted_triggers_FR_loc.txt	4243	204	2686	porter
common\scripted_triggers\00_scripted_triggers_FR_loc.txt	4245	206	2135	porter
common\scripted_triggers\00_scripted_triggers_FR_loc.txt	4252	213	19	porter
common\scripted_triggers\00_scripted_triggers_FR_loc.txt	4253	217	457	porter
common\scripted_triggers\00_scripted_triggers_FR_loc.txt	4262	227	557	porter
common\scripted_triggers\00_scripted_triggers_FR_loc.txt	4265	234	696	porter
common\scripted_triggers\00_scripted_triggers_FR_loc.txt	4266	235	2867	porter
common\scripted_triggers\00_scripted_triggers_FR_loc.txt	4267	238	2410	porter
common\scripted_triggers\00_scripted_triggers_FR_loc.txt	4268	239	366	porter
common\scripted_triggers\00_scripted_triggers_FR_loc.txt	4278	249	2646	porter
common\scripted_triggers\00_scripted_triggers_FR_loc.txt	4280	252	171	porter
common\scripted_triggers\00_scripted_triggers_FR_loc.txt	4281	254	250	porter
common\scripted_triggers\00_scripted_triggers_FR_loc.txt	4283	256	2641	porter
common\scripted_triggers\00_scripted_triggers_FR_loc.txt	4287	260	2421	porter
common\scripted_triggers\00_scripted_triggers_FR_loc.txt	4320	398	2636	porter
common\scripted_triggers\00_scripted_triggers_FR_loc.txt	4321	400	108	porter
common\scripted_triggers\00_scripted_triggers_FR_loc.txt	4325	406	2517	porter
common\scripted_triggers\00_scripted_triggers_FR_loc.txt	4342	448	1241	porter
common\scripted_triggers\00_scripted_triggers_FR_loc.txt	4343	450	1251	porter
common\scripted_triggers\00_scripted_triggers_FR_loc.txt	4346	460	1122	porter
common\scripted_triggers\00_scripted_triggers_FR_loc.txt	4355	513	1186	porter
common\scripted_triggers\00_scripted_triggers_FR_loc.txt	4365	572	2387	porter
common\scripted_triggers\00_scripted_triggers_FR_loc.txt	4431	784	241	porter
common\scripted_triggers\00_scripted_triggers_FR_loc.txt	4443	16	563	porter
common\scripted_triggers\00_scripted_triggers_FR_loc.txt	4445	111	29	porter
common\scripted_triggers\00_scripted_triggers_FR_loc.txt	4460	26	770	porter
common\scripted_triggers\00_scripted_triggers_FR_loc.txt	4461	28	2747	porter
common\scripted_triggers\00_scripted_triggers_FR_loc.txt	4462	44	1523	porter
common\scripted_triggers\00_scripted_triggers_FR_loc.txt	4469	161	779	porter
common\scripted_triggers\00_scripted_triggers_FR_loc.txt	4472	230	1005	porter
common\scripted_triggers\00_scripted_triggers_FR_loc.txt	4489	192	2063	porter
common\scripted_triggers\00_scripted_triggers_FR_loc.txt	4490	214	41	porter
common\scripted_triggers\00_scripted_triggers_FR_loc.txt	4494	236	2516	porter
common\scripted_triggers\00_scripted_triggers_FR_loc.txt	4495	237	2513	porter
common\scripted_triggers\00_scripted_triggers_FR_loc.txt	4496	250	261	porter
common\scripted_triggers\00_scripted_triggers_FR_loc.txt	4506	399	2658	porter
common\scripted_triggers\00_scripted_triggers_FR_loc.txt	4507	401	2429	porter
common\scripted_triggers\00_scripted_triggers_FR_loc.txt	4508	402	632	porter
common\scripted_triggers\00_scripted_triggers_FR_loc.txt	4509	407	430	porter
common\scripted_triggers\00_scripted_triggers_FR_loc.txt	4517	459	1188	porter
common\scripted_triggers\00_scripted_triggers_FR_loc.txt	4523	571	2387	porter
common\scripted_triggers\00_scripted_triggers_FR_loc.txt	4532	651	2388	porter
common\scripted_triggers\00_scripted_triggers_FR_loc.txt	4557	6	455	porter
common\scripted_triggers\00_scripted_triggers_FR_loc.txt	4559	69	1672	porter
common\scripted_triggers\00_scripted_triggers_FR_loc.txt	4560	972	539	porter
common\scripted_triggers\00_scripted_triggers_FR_loc.txt	4561	74	499	porter
common\scripted_triggers\GER_scripted_triggers.txt	284	459	1188	porter
common\scripted_triggers\GER_scripted_triggers.txt	383	398	2636	porter
common\scripted_triggers\GER_scripted_triggers.txt	392	450	1251	porter
common\scripted_triggers\GER_scripted_triggers.txt	441	238	2410	porter
common\scripted_triggers\GER_scripted_triggers.txt	450	206	2135	porter
common\scripted_triggers\GER_scripted_triggers.txt	458	91	1292	porter
common\scripted_triggers\GER_scripted_triggers.txt	486	236	2516	porter
common\scripted_triggers\GER_scripted_triggers.txt	490	94	2316	porter
common\scripted_triggers\GER_scripted_triggers.txt	506	95	326	porter
common\scripted_triggers\GER_scripted_triggers.txt	513	155	624	porter
common\scripted_triggers\GER_scripted_triggers.txt	522	137	2127	porter
common\scripted_triggers\GER_scripted_triggers.txt	532	13	155	porter
common\scripted_triggers\GER_scripted_triggers.txt	538	71	2661	porter
common\scripted_triggers\GER_scripted_triggers.txt	539	75	532	porter
common\scripted_triggers\GER_scripted_triggers.txt	578	399	2658	porter
common\scripted_triggers\GER_scripted_triggers.txt	579	402	632	porter
common\scripted_triggers\GER_scripted_triggers.txt	674	784	241	porter
common\scripted_triggers\GER_scripted_triggers.txt	774	213	19	porter
common\scripted_triggers\GER_scripted_triggers.txt	822	9	513	porter
common\scripted_triggers\GER_scripted_triggers.txt	823	75	532	porter
common\scripted_triggers\GER_scripted_triggers.txt	831	407	430	porter
common\scripted_triggers\GER_scripted_triggers.txt	908	974	690	porter
common\scripted_triggers\GER_scripted_triggers.txt	972	73	2246	porter
common\scripted_triggers\GER_scripted_triggers.txt	973	664	1439	porter
common\scripted_triggers\GER_scripted_triggers.txt	974	71	2661	porter
common\scripted_triggers\GER_scripted_triggers.txt	975	70	2662	porter
common\scripted_triggers\GER_scripted_triggers.txt	1013	406	2517	porter
common\scripted_triggers\GER_scripted_triggers.txt	1014	401	2429	porter
common\scripted_triggers\GER_scripted_triggers.txt	1039	256	2641	porter
common\scripted_triggers\GER_scripted_triggers.txt	1041	234	696	porter
common\scripted_triggers\GER_scripted_triggers.txt	1042	237	2513	porter
common\scripted_triggers\GER_scripted_triggers.txt	1044	217	457	porter
common\scripted_triggers\GER_scripted_triggers.txt	1047	239	366	porter
common\scripted_triggers\GER_scripted_triggers.txt	1049	249	2646	porter
common\scripted_triggers\GER_scripted_triggers.txt	1051	230	1005	porter
common\scripted_triggers\GER_scripted_triggers.txt	1055	126	2475	porter
common\scripted_triggers\GER_scripted_triggers.txt	1056	213	19	porter
common\scripted_triggers\GER_scripted_triggers.txt	1058	192	2063	porter
common\scripted_triggers\GER_scripted_triggers.txt	1061	214	41	porter
common\scripted_triggers\GER_scripted_triggers.txt	1063	204	2686	porter
common\scripted_triggers\GER_scripted_triggers.txt	1064	194	2577	porter
common\scripted_triggers\GER_scripted_triggers.txt	1066	191	152	porter
common\scripted_triggers\GER_scripted_triggers.txt	1085	254	250	porter
common\scripted_triggers\GER_scripted_triggers.txt	1123	460	1122	porter
common\scripted_triggers\GER_scripted_triggers.txt	1124	513	1186	porter
common\scripted_triggers\GER_scripted_triggers.txt	1125	459	1188	porter
common\scripted_triggers\GER_scripted_triggers.txt	1132	448	1241	porter
common\scripted_triggers\GER_scripted_triggers.txt	1136	450	1251	porter
common\scripted_triggers\GER_scripted_triggers.txt	1875	260	2421	porter
common\scripted_triggers\GER_scripted_triggers.txt	1879	217	457	porter
common\scripted_triggers\GER_scripted_triggers.txt	1883	254	250	porter
common\scripted_triggers\GER_scripted_triggers.txt	1885	252	171	porter
common\scripted_triggers\GER_scripted_triggers.txt	1887	239	366	porter
common\scripted_triggers\GER_scripted_triggers.txt	1888	250	261	porter
common\scripted_triggers\GER_scripted_triggers.txt	1891	214	41	porter
common\scripted_triggers\GER_scripted_triggers.txt	1896	401	2429	porter
common\scripted_triggers\GER_scripted_triggers.txt	1900	651	2388	porter
common\scripted_triggers\GER_scripted_triggers.txt	1901	249	2646	porter
common\scripted_triggers\GER_scripted_triggers.txt	1902	256	2641	porter
common\scripted_triggers\GER_scripted_triggers.txt	1904	399	2658	porter
common\scripted_triggers\GER_scripted_triggers.txt	1912	400	108	porter
common\scripted_triggers\GER_scripted_triggers.txt	1913	398	2636	porter
common\scripted_triggers\GER_scripted_triggers.txt	1922	571	2387	porter
common\scripted_triggers\GER_scripted_triggers.txt	1924	572	2387	porter
common\scripted_triggers\ITA_scripted_triggers.txt	449	115	1415	porter
common\scripted_triggers\ITA_scripted_triggers.txt	451	117	1402	porter
common\scripted_triggers\ITA_scripted_triggers.txt	452	849	2921	porter
common\scripted_triggers\ITA_scripted_triggers.txt	458	2	2607	porter
common\scripted_triggers\ITA_scripted_triggers.txt	460	162	1387	porter
common\scripted_triggers\ITA_scripted_triggers.txt	466	158	1423	porter
common\scripted_triggers\ITA_scripted_triggers.txt	473	161	779	porter
common\scripted_triggers\ITA_scripted_triggers.txt	474	160	704	porter
common\scripted_triggers\SOV_scripted_triggers.txt	806	571	2387	porter
common\scripted_triggers\SWE_scripted_triggers.txt	144	148	14	porter
common\scripted_triggers\SWE_scripted_triggers.txt	149	111	29	porter
common\scripted_triggers\SWI_scripted_triggers.txt	536	158	1423	porter
common\scripted_triggers\SWI_scripted_triggers.txt	537	159	1359	porter
common\scripted_triggers\SWI_scripted_triggers.txt	544	153	1793	porter
common\scripted_triggers\SWI_scripted_triggers.txt	545	152	1800	porter
common\scripted_triggers\SWI_scripted_triggers.txt	546	4	1802	porter
events\AAT_Finland.txt	461	148	14	porter
events\AAT_Finland.txt	1342	213	19	porter
events\AAT_Finland.txt	1376	213	19	porter
events\AAT_Finland.txt	1389	213	19	porter
events\AAT_Finland.txt	1427	213	19	porter
events\AAT_Finland.txt	1477	213	19	porter
events\AAT_Finland.txt	2518	148	14	porter
events\AAT_Finland.txt	2632	148	14	porter
events\AAT_Finland.txt	2918	213	19	porter
events\AAT_Finland.txt	3011	213	19	porter
events\DOD_Romania.txt	1210	104	776	porter
events\DOD_Romania.txt	2070	69	1672	porter
events\DOD_Romania.txt	3135	217	457	porter
events\France.txt	884	16	563	porter
events\France.txt	1718	1	1422	porter
events\Germany.txt	7885	217	457	porter
events\LaR_France.txt	2882	28	2747	porter
events\MTG_Britain.txt	1585	126	2475	porter
events\MUN_Czechoslovakia.txt	518	69	1672	porter
events\MUN_Czechoslovakia.txt	519	972	539	porter
events\MUN_Czechoslovakia.txt	520	74	499	porter
events\MUN_Czechoslovakia.txt	678	69	1672	porter
events\MUN_Czechoslovakia.txt	679	972	539	porter
events\MUN_Czechoslovakia.txt	680	74	499	porter
events\MUN_Czechoslovakia.txt	751	69	1672	porter
events\MUN_Czechoslovakia.txt	752	972	539	porter
events\MUN_Czechoslovakia.txt	753	74	499	porter
events\MUN_Czechoslovakia.txt	893	74	499	porter
events\MUN_Czechoslovakia.txt	894	972	539	porter
events\MUN_Czechoslovakia.txt	895	69	1672	porter
events\MUN_Czechoslovakia.txt	1165	89	1164	porter
events\MUN_Czechoslovakia.txt	1166	91	1292	porter
events\MUN_Czechoslovakia.txt	1457	664	1439	porter
events\MUN_Czechoslovakia.txt	1923	155	624	porter
events\MUN_Czechoslovakia.txt	4771	73	2246	porter
events\MUN_Czechoslovakia.txt	4784	73	2246	porter
events\MUN_Czechoslovakia.txt	4785	89	1164	porter
events\MUN_Czechoslovakia.txt	4849	73	2246	porter
events\MUN_Czechoslovakia.txt	5014	73	2246	porter
events\NewsEvents.txt	1751	126	2475	porter
events\NewsEvents.txt	1810	126	2475	porter
events\NewsEvents.txt	8014	126	2475	porter
events\NSB_Latvia.txt	44	12	95	porter
events\NSB_Latvia.txt	45	191	152	porter
events\NSB_Latvia.txt	75	96	1000	porter
events\NSB_Latvia.txt	86	784	241	porter
events\NSB_Latvia.txt	89	96	1000	porter
events\NSB_Latvia.txt	90	95	326	porter
events\NSB_Latvia.txt	103	815	1339	porter
events\NSB_Latvia.txt	110	11	274	porter
events\NSB_Latvia.txt	117	814	2522	porter
events\NSB_Latvia.txt	126	191	152	porter
events\NSB_Latvia.txt	132	813	134	porter
events\NSB_Latvia.txt	165	190	67	porter
events\NSB_Latvia.txt	166	809	1352	porter
events\NSB_Latvia.txt	167	13	155	porter
events\NSB_Latvia.txt	168	191	152	porter
events\NSB_Latvia.txt	183	190	67	porter
events\NSB_Latvia.txt	197	809	1352	porter
events\NSB_Latvia.txt	206	191	152	porter
events\NSB_Latvia.txt	215	13	155	porter
events\NSB_Lithuania.txt	417	784	241	porter
events\NSB_Lithuania.txt	449	784	241	porter
events\NSB_Lithuania.txt	1102	784	241	porter
events\NSB_Lithuania.txt	1104	784	241	porter
events\NSB_Lithuania.txt	1128	784	241	porter
events\NSB_Lithuania.txt	1130	784	241	porter
events\NSB_Lithuania.txt	1145	784	241	porter
events\NSB_Lithuania.txt	1147	784	241	porter
events\NSB_Poland.txt	371	807	280	porter
events\NSB_Poland.txt	372	85	280	porter
events\NSB_Poland.txt	454	807	280	porter
events\NSB_Poland.txt	457	807	280	porter
events\NSB_Poland.txt	461	85	280	porter
events\NSB_Poland.txt	464	85	280	porter
events\NSB_Poland.txt	1834	238	2410	porter
events\NSB_Poland.txt	1835	217	457	porter
events\NSB_Poland.txt	1839	236	2516	porter
events\NSB_Poland.txt	1841	236	2516	porter
events\NSB_Poland.txt	1845	237	2513	porter
events\NSB_Poland.txt	1847	237	2513	porter
events\NSB_Poland.txt	1886	238	2410	porter
events\NSB_Poland.txt	1887	217	457	porter
events\NSB_Poland.txt	1891	236	2516	porter
events\NSB_Poland.txt	1893	236	2516	porter
events\NSB_Poland.txt	1897	237	2513	porter
events\NSB_Poland.txt	1899	237	2513	porter
events\NSB_Poland.txt	1952	234	696	porter
events\NSB_Poland.txt	1953	235	2867	porter
events\NSB_Poland.txt	1958	137	2127	porter
events\NSB_Poland.txt	1960	137	2127	porter
events\NSB_Poland.txt	1997	234	696	porter
events\NSB_Poland.txt	1998	235	2867	porter
events\NSB_Poland.txt	2003	137	2127	porter
events\NSB_Poland.txt	2005	137	2127	porter
events\NSB_Poland.txt	2647	96	1000	porter
events\NSB_Poland.txt	2647	96	1000	porter
events\NSB_Poland.txt	2648	96	1000	porter
events\NSB_Poland.txt	2651	95	326	porter
events\NSB_Poland.txt	2651	95	326	porter
events\NSB_Poland.txt	2652	95	326	porter
events\NSB_Poland.txt	2655	94	2316	porter
events\NSB_Poland.txt	2655	94	2316	porter
events\NSB_Poland.txt	2656	94	2316	porter
events\NSB_Poland.txt	2659	93	434	porter
events\NSB_Poland.txt	2659	93	434	porter
events\NSB_Poland.txt	2660	93	434	porter
events\NSB_Poland.txt	2663	91	1292	porter
events\NSB_Poland.txt	2663	91	1292	porter
events\NSB_Poland.txt	2664	91	1292	porter
events\NSB_Poland.txt	2667	89	1164	porter
events\NSB_Poland.txt	2667	89	1164	porter
events\NSB_Poland.txt	2668	89	1164	porter
events\NSB_Poland.txt	2671	97	2485	porter
events\NSB_Poland.txt	2671	97	2485	porter
events\NSB_Poland.txt	2672	97	2485	porter
events\NSB_Poland.txt	2675	784	241	porter
events\NSB_Poland.txt	2675	784	241	porter
events\NSB_Poland.txt	2676	784	241	porter
events\NSB_Poland.txt	2726	96	1000	porter
events\NSB_Poland.txt	2726	96	1000	porter
events\NSB_Poland.txt	2727	96	1000	porter
events\NSB_Poland.txt	2730	95	326	porter
events\NSB_Poland.txt	2730	95	326	porter
events\NSB_Poland.txt	2731	95	326	porter
events\NSB_Poland.txt	2734	94	2316	porter
events\NSB_Poland.txt	2734	94	2316	porter
events\NSB_Poland.txt	2735	94	2316	porter
events\NSB_Poland.txt	2738	93	434	porter
events\NSB_Poland.txt	2738	93	434	porter
events\NSB_Poland.txt	2739	93	434	porter
events\NSB_Poland.txt	2742	91	1292	porter
events\NSB_Poland.txt	2742	91	1292	porter
events\NSB_Poland.txt	2743	91	1292	porter
events\NSB_Poland.txt	2746	89	1164	porter
events\NSB_Poland.txt	2746	89	1164	porter
events\NSB_Poland.txt	2747	89	1164	porter
events\NSB_Poland.txt	2750	97	2485	porter
events\NSB_Poland.txt	2750	97	2485	porter
events\NSB_Poland.txt	2751	97	2485	porter
events\NSB_Poland.txt	2754	784	241	porter
events\NSB_Poland.txt	2754	784	241	porter
events\NSB_Poland.txt	2755	784	241	porter
events\NSB_Poland.txt	2952	96	1000	porter
events\NSB_Poland.txt	2952	96	1000	porter
events\NSB_Poland.txt	2953	96	1000	porter
events\NSB_Poland.txt	2956	95	326	porter
events\NSB_Poland.txt	2956	95	326	porter
events\NSB_Poland.txt	2957	95	326	porter
events\NSB_Poland.txt	2960	94	2316	porter
events\NSB_Poland.txt	2960	94	2316	porter
events\NSB_Poland.txt	2961	94	2316	porter
events\NSB_Poland.txt	2964	93	434	porter
events\NSB_Poland.txt	2964	93	434	porter
events\NSB_Poland.txt	2965	93	434	porter
events\NSB_Poland.txt	2968	91	1292	porter
events\NSB_Poland.txt	2968	91	1292	porter
events\NSB_Poland.txt	2969	91	1292	porter
events\NSB_Poland.txt	2972	89	1164	porter
events\NSB_Poland.txt	2972	89	1164	porter
events\NSB_Poland.txt	2973	89	1164	porter
events\NSB_Poland.txt	2976	97	2485	porter
events\NSB_Poland.txt	2976	97	2485	porter
events\NSB_Poland.txt	2977	97	2485	porter
events\NSB_Poland.txt	2981	784	241	porter
events\NSB_Poland.txt	2981	784	241	porter
events\NSB_Poland.txt	2982	784	241	porter
events\NSB_Poland.txt	2986	11	274	porter
events\NSB_Poland.txt	2986	11	274	porter
events\NSB_Poland.txt	2987	11	274	porter
events\NSB_Poland.txt	2990	188	227	porter
events\NSB_Poland.txt	2990	188	227	porter
events\NSB_Poland.txt	2991	188	227	porter
events\NSB_Poland.txt	2994	189	208	porter
events\NSB_Poland.txt	2994	189	208	porter
events\NSB_Poland.txt	2995	189	208	porter
events\NSB_Poland.txt	2998	814	2522	porter
events\NSB_Poland.txt	2998	814	2522	porter
events\NSB_Poland.txt	2999	814	2522	porter
events\NSB_Poland.txt	3002	815	1339	porter
events\NSB_Poland.txt	3002	815	1339	porter
events\NSB_Poland.txt	3003	815	1339	porter
events\NSB_Poland.txt	3046	96	1000	porter
events\NSB_Poland.txt	3046	96	1000	porter
events\NSB_Poland.txt	3047	96	1000	porter
events\NSB_Poland.txt	3050	95	326	porter
events\NSB_Poland.txt	3050	95	326	porter
events\NSB_Poland.txt	3051	95	326	porter
events\NSB_Poland.txt	3054	94	2316	porter
events\NSB_Poland.txt	3054	94	2316	porter
events\NSB_Poland.txt	3055	94	2316	porter
events\NSB_Poland.txt	3058	93	434	porter
events\NSB_Poland.txt	3058	93	434	porter
events\NSB_Poland.txt	3059	93	434	porter
events\NSB_Poland.txt	3062	91	1292	porter
events\NSB_Poland.txt	3062	91	1292	porter
events\NSB_Poland.txt	3063	91	1292	porter
events\NSB_Poland.txt	3066	89	1164	porter
events\NSB_Poland.txt	3066	89	1164	porter
events\NSB_Poland.txt	3067	89	1164	porter
events\NSB_Poland.txt	3070	97	2485	porter
events\NSB_Poland.txt	3070	97	2485	porter
events\NSB_Poland.txt	3071	97	2485	porter
events\NSB_Poland.txt	3075	784	241	porter
events\NSB_Poland.txt	3075	784	241	porter
events\NSB_Poland.txt	3076	784	241	porter
events\NSB_Poland.txt	3080	11	274	porter
events\NSB_Poland.txt	3080	11	274	porter
events\NSB_Poland.txt	3081	11	274	porter
events\NSB_Poland.txt	3084	188	227	porter
events\NSB_Poland.txt	3084	188	227	porter
events\NSB_Poland.txt	3085	188	227	porter
events\NSB_Poland.txt	3088	189	208	porter
events\NSB_Poland.txt	3088	189	208	porter
events\NSB_Poland.txt	3089	189	208	porter
events\NSB_Poland.txt	3092	814	2522	porter
events\NSB_Poland.txt	3092	814	2522	porter
events\NSB_Poland.txt	3093	814	2522	porter
events\NSB_Poland.txt	3096	815	1339	porter
events\NSB_Poland.txt	3096	815	1339	porter
events\NSB_Poland.txt	3097	815	1339	porter
events\NSB_Soviet.txt	8854	192	2063	porter
events\Poland.txt	450	162	1387	porter
events\Poland.txt	458	2	2607	porter
events\Poland.txt	1666	807	280	porter
events\Poland.txt	1685	807	280	porter
events\SovietUnion.txt	2248	85	280	porter
events\WUW_Austria.txt	1760	126	2475	porter
events\WUW_Austria.txt	1832	16	563	porter
events\WUW_Austria.txt	1868	2	2607	porter
events\WUW_Austria.txt	3498	155	624	porter
events\WUW_Austria.txt	3499	974	690	porter
events\WUW_Austria.txt	3500	973	1821	porter
events\WUW_Austria.txt	3501	154	646	porter
events\WUW_Austria.txt	3502	43	611	porter
events\WUW_Austria.txt	3567	69	1672	porter
events\WUW_Austria.txt	3568	972	539	porter
events\WUW_Austria.txt	3569	9	513	porter
events\WUW_Austria.txt	3570	75	532	porter
events\WUW_Austria.txt	3571	74	499	porter
events\WUW_Austria.txt	3843	88	1157	porter
events\WUW_Austria.txt	3844	89	1164	porter
events\WUW_Austria.txt	3845	91	1292	porter
events\WUW_Austria.txt	3974	934	1519	porter
events\WUW_Austria.txt	3975	44	1523	porter
events\WUW_Austria.txt	3976	805	885	porter
events\WUW_Austria.txt	4028	155	624	porter
events\WUW_Austria.txt	4029	974	690	porter
events\WUW_Austria.txt	4030	973	1821	porter
events\WUW_Austria.txt	4031	154	646	porter
events\WUW_Austria.txt	4032	43	611	porter
events\WUW_Austria.txt	4033	69	1672	porter
events\WUW_Austria.txt	4034	972	539	porter
events\WUW_Austria.txt	4035	9	513	porter
events\WUW_Austria.txt	4036	75	532	porter
events\WUW_Austria.txt	4037	74	499	porter
events\WUW_Austria.txt	4039	88	1157	porter
events\WUW_Austria.txt	4040	89	1164	porter
events\WUW_Austria.txt	4041	91	1292	porter
events\WUW_Austria.txt	4047	934	1519	porter
events\WUW_Austria.txt	4048	44	1523	porter
events\WUW_Austria.txt	4049	805	885	porter
events\WUW_Austria.txt	4196	88	1157	porter
events\WUW_Austria.txt	4197	89	1164	porter
events\WUW_Austria.txt	4198	91	1292	porter
events\WUW_Austria.txt	4514	88	1157	porter
events\WUW_Austria.txt	4515	89	1164	porter
events\WUW_Austria.txt	4516	91	1292	porter
events\WUW_Austria.txt	4669	155	624	porter
events\WUW_Austria.txt	4670	974	690	porter
events\WUW_Austria.txt	4671	973	1821	porter
events\WUW_Austria.txt	4672	154	646	porter
events\WUW_Austria.txt	4673	43	611	porter
events\WUW_Austria.txt	4674	69	1672	porter
events\WUW_Austria.txt	4675	972	539	porter
events\WUW_Austria.txt	4676	9	513	porter
events\WUW_Austria.txt	4677	75	532	porter
events\WUW_Austria.txt	4678	74	499	porter
events\WUW_Austria.txt	4680	88	1157	porter
events\WUW_Austria.txt	4681	89	1164	porter
events\WUW_Austria.txt	4682	91	1292	porter
events\WUW_Austria.txt	4688	934	1519	porter
events\WUW_Austria.txt	4689	44	1523	porter
events\WUW_Austria.txt	4690	805	885	porter
events\WUW_Austria.txt	5135	88	1157	porter
events\WUW_Austria.txt	5136	89	1164	porter
events\WUW_Austria.txt	5137	91	1292	porter
events\WUW_Austria.txt	6775	126	2475	porter
events\WUW_Austria.txt	6827	16	563	porter
events\WUW_Austria.txt	6853	2	2607	porter
events\WUW_Austria.txt	6948	126	2475	porter
events\WUW_Austria.txt	7020	16	563	porter
events\WUW_Austria.txt	7056	2	2607	porter
events\WUW_Austria.txt	10074	104	776	porter
events\WUW_Austria.txt	10076	104	776	porter
events\WUW_Austria.txt	10161	104	776	porter
events\WUW_Austria.txt	10163	104	776	porter
events\WUW_Austria.txt	10251	104	776	porter
events\WUW_Austria.txt	10253	104	776	porter
events\WUW_Austria.txt	10338	104	776	porter
events\WUW_Austria.txt	10340	104	776	porter
events\WUW_Belgium.txt	795	29	466	porter
events\WUW_Belgium.txt	1034	29	466	porter
events\WUW_Germany.txt	4802	70	2662	porter
events\WUW_Germany.txt	4803	664	1439	porter
events\WUW_Germany.txt	4804	71	2661	porter
events\WUW_Germany.txt	4805	73	2246	porter
events\WUW_Germany.txt	4811	69	1672	porter
events\WUW_Germany.txt	4812	972	539	porter
events\WUW_Germany.txt	4813	9	513	porter
events\WUW_Germany.txt	4814	75	532	porter
events\WUW_Germany.txt	4815	74	499	porter
events\WUW_Germany.txt	4866	89	1164	porter
events\WUW_Germany.txt	4867	91	1292	porter
events\WUW_Germany.txt	4868	93	434	porter
events\WUW_Germany.txt	4869	94	2316	porter
events\WUW_Germany.txt	4870	95	326	porter
events\WUW_Germany.txt	4871	96	1000	porter
events\WUW_Germany.txt	4872	97	2485	porter
events\WUW_Germany.txt	4878	807	280	porter
events\WUW_Germany.txt	4879	85	280	porter
events\WUW_Germany.txt	4882	88	1157	porter
events\WUW_Germany.txt	4886	10	508	porter
events\WUW_Germany.txt	4961	70	2662	porter
events\WUW_Germany.txt	4962	664	1439	porter
events\WUW_Germany.txt	4963	71	2661	porter
events\WUW_Germany.txt	4964	73	2246	porter
events\WUW_Germany.txt	4975	89	1164	porter
events\WUW_Germany.txt	4976	91	1292	porter
events\WUW_Germany.txt	4977	93	434	porter
events\WUW_Germany.txt	4978	94	2316	porter
events\WUW_Germany.txt	4979	95	326	porter
events\WUW_Germany.txt	4980	96	1000	porter
events\WUW_Germany.txt	4981	97	2485	porter
events\WUW_Germany.txt	9290	155	624	porter
events\WUW_Germany.txt	9291	43	611	porter
events\WUW_Germany.txt	11663	66	1666	porter
events\WUW_Germany.txt	11674	67	1658	porter
events\WUW_Germany.txt	11696	74	499	porter
events\WUW_Germany.txt	11761	66	1666	porter
events\WUW_Germany.txt	11762	67	1658	porter
events\WUW_Germany.txt	11764	74	499	porter
events\WUW_Germany.txt	11781	66	1666	porter
events\WUW_Germany.txt	11782	67	1658	porter
events\WUW_Germany.txt	11784	74	499	porter
events\WUW_Germany.txt	11797	66	1666	porter
events\WUW_Germany.txt	11798	67	1658	porter
events\WUW_Germany.txt	11800	74	499	porter
events\WUW_Germany.txt	11869	60	1681	porter
events\WUW_Germany.txt	11882	65	411	porter
events\WUW_Germany.txt	16815	664	1439	porter
events\WUW_Germany.txt	16913	664	1439	porter
events\WUW_Germany.txt	17061	664	1439	porter
events\WUW_Germany.txt	17062	73	2246	porter
events\WUW_Germany.txt	17083	664	1439	porter
events\WUW_Germany.txt	17084	73	2246	porter
events\WUW_Germany.txt	17522	104	776	porter
events\WUW_Germany.txt	17525	155	624	porter
events\WUW_Germany.txt	17526	43	611	porter
events\WUW_Germany.txt	17527	973	1821	porter
events\WUW_Germany.txt	17528	974	690	porter
events\WUW_Germany.txt	17529	154	646	porter
events\WUW_Germany.txt	18562	664	1439	porter
events\WUW_Germany.txt	18639	664	1439	porter
events\WUW_Germany.txt	18765	664	1439	porter
events\WUW_Germany.txt	18842	664	1439	porter
events\WUW_Germany.txt	18914	664	1439	porter
events\WUW_Hungary.txt	1047	73	2246	porter
events\WUW_Hungary.txt	1080	73	2246	porter
events\WUW_Hungary.txt	2316	88	1157	porter
events\WUW_Hungary.txt	2317	91	1292	porter
events\WUW_Hungary.txt	2318	89	1164	porter
events\WUW_Hungary.txt	2719	73	2246	porter
events\WUW_Hungary.txt	2720	664	1439	porter
events\WUW_Hungary.txt	2721	71	2661	porter
events\WUW_Hungary.txt	2722	70	2662	porter
events\WUW_Hungary.txt	2879	88	1157	porter
events\WUW_Hungary.txt	2880	89	1164	porter
events\WUW_Hungary.txt	2881	91	1292	porter
events\WUW_Hungary.txt	3260	104	776	porter
events\WUW_Hungary.txt	3952	104	776	porter
events\WUW_Hungary.txt	3962	153	1793	porter
events\WUW_Hungary.txt	3963	152	1800	porter
events\WUW_Hungary.txt	3964	4	1802	porter
events\WUW_Hungary.txt	3967	69	1672	porter
events\WUW_Hungary.txt	3968	9	513	porter
events\WUW_Hungary.txt	3969	75	532	porter
events\WUW_Hungary.txt	3970	74	499	porter
events\WUW_Hungary.txt	3972	70	2662	porter
events\WUW_Hungary.txt	3973	664	1439	porter
events\WUW_Hungary.txt	3974	71	2661	porter
events\WUW_Hungary.txt	3975	73	2246	porter
events\WUW_Hungary.txt	3976	972	539	porter
events\WUW_Hungary.txt	3977	155	624	porter
events\WUW_Hungary.txt	3978	43	611	porter
events\WUW_Hungary.txt	3979	973	1821	porter
events\WUW_Hungary.txt	3980	974	690	porter
events\WUW_Hungary.txt	3981	154	646	porter
events\WUW_Hungary.txt	3983	89	1164	porter
events\WUW_Hungary.txt	3984	91	1292	porter
events\WUW_Hungary.txt	3985	88	1157	porter
events\WUW_Hungary.txt	3990	160	704	porter
events\WUW_Hungary.txt	3991	159	1359	porter
events\WUW_Hungary.txt	4224	155	624	porter
events\WUW_Hungary.txt	4225	43	611	porter
events\WUW_Hungary.txt	4226	973	1821	porter
events\WUW_Hungary.txt	4227	974	690	porter
events\WUW_Hungary.txt	4228	154	646	porter
events\WUW_Hungary.txt	4232	104	776	porter
events\WUW_Hungary.txt	4246	67	1658	porter
events\WUW_Hungary.txt	4248	66	1666	porter
events\WUW_Hungary.txt	4249	88	1157	porter
events\WUW_Hungary.txt	4250	91	1292	porter
events\WUW_Hungary.txt	4251	89	1164	porter
events\WUW_Hungary.txt	5868	664	1439	porter
events\WUW_Hungary.txt	5871	664	1439	porter
events\WUW_Hungary.txt	5883	664	1439	porter
events\WUW_Hungary.txt	5942	664	1439	porter
events\WUW_Hungary.txt	5947	664	1439	porter
events\WUW_Hungary.txt	5963	664	1439	porter
events\WUW_Hungary.txt	6028	73	2246	porter
events\WUW_Hungary.txt	6031	73	2246	porter
events\WUW_Hungary.txt	6043	73	2246	porter
events\WUW_Hungary.txt	6102	73	2246	porter
events\WUW_Hungary.txt	6107	73	2246	porter
events\WUW_Hungary.txt	6123	73	2246	porter