common\operations\LaR_FRA_operations.txt	546	461	Northern Morocco	Rosenberg
common\operations\LaR_FRA_operations.txt	547	462	Southern Morocco	Sussex
common\operations\LaR_FRA_operations.txt	548	459	Western Algeria	Krzemieniec
common\operations\LaR_FRA_operations.txt	549	513	Southern Algeria	Praha
common\operations\LaR_FRA_operations.txt	550	460	Eastern Algeria	Aachen
common\operations\LaR_FRA_operations.txt	551	458	Tunisia	Cornwall
common\operations\LaR_FRA_operations.txt	552	665	Gabes	Cluj
common\operations\LaR_FRA_operations.txt	565	461	Northern Morocco	Rosenberg
common\operations\LaR_FRA_operations.txt	566	462	Southern Morocco	Sussex
common\operations\LaR_FRA_operations.txt	567	459	Western Algeria	Krzemieniec
common\operations\LaR_FRA_operations.txt	568	513	Southern Algeria	Praha
common\operations\LaR_FRA_operations.txt	569	460	Eastern Algeria	Aachen
common\operations\LaR_FRA_operations.txt	570	458	Tunisia	Cornwall
common\operations\LaR_FRA_operations.txt	571	665	Gabes	Cluj
common\operations\LaR_FRA_operations.txt	596	461	Northern Morocco	Rosenberg
common\operations\LaR_FRA_operations.txt	597	462	Southern Morocco	Sussex
common\operations\LaR_FRA_operations.txt	598	459	Western Algeria	Krzemieniec
common\operations\LaR_FRA_operations.txt	599	513	Southern Algeria	Praha
common\operations\LaR_FRA_operations.txt	600	460	Eastern Algeria	Aachen
common\operations\LaR_FRA_operations.txt	601	458	Tunisia	Cornwall
common\operations\LaR_FRA_operations.txt	602	665	Gabes	Cluj
common\operations\LaR_FRA_operations.txt	620	461	Northern Morocco	Rosenberg
common\operations\LaR_FRA_operations.txt	621	462	Southern Morocco	Sussex
common\operations\LaR_FRA_operations.txt	622	459	Western Algeria	Krzemieniec
common\operations\LaR_FRA_operations.txt	623	513	Southern Algeria	Praha
common\operations\LaR_FRA_operations.txt	624	460	Eastern Algeria	Aachen
common\operations\LaR_FRA_operations.txt	625	458	Tunisia	Cornwall
common\operations\LaR_FRA_operations.txt	626	665	Gabes	Cluj
common\operations\LaR_FRA_operations.txt	676	677	Aleppo	Bekes
common\operations\LaR_FRA_operations.txt	677	680	Deir-az-Zur	Mures
common\operations\LaR_FRA_operations.txt	678	554	Syria	Passau
common\operations\LaR_FRA_operations.txt	679	553	Lebanon	Heilbronn
common\operations\LaR_FRA_operations.txt	690	677	Aleppo	Bekes
common\operations\LaR_FRA_operations.txt	691	680	Deir-az-Zur	Mures
common\operations\LaR_FRA_operations.txt	692	554	Syria	Passau
common\operations\LaR_FRA_operations.txt	693	553	Lebanon	Heilbronn
common\operations\LaR_FRA_operations.txt	714	677	Aleppo	Bekes
common\operations\LaR_FRA_operations.txt	715	680	Deir-az-Zur	Mures
common\operations\LaR_FRA_operations.txt	716	554	Syria	Passau
common\operations\LaR_FRA_operations.txt	717	553	Lebanon	Heilbronn
common\operations\LaR_FRA_operations.txt	735	677	Aleppo	Bekes
common\operations\LaR_FRA_operations.txt	736	680	Deir-az-Zur	Mures
common\operations\LaR_FRA_operations.txt	737	554	Syria	Passau
common\operations\LaR_FRA_operations.txt	738	553	Lebanon	Heilbronn
common\operations\LaR_FRA_operations.txt	788	671	Annam	Rowne
common\operations\LaR_FRA_operations.txt	789	670	Laos	Indre
common\operations\LaR_FRA_operations.txt	790	286	Indochina	West Riding
common\operations\LaR_FRA_operations.txt	791	741	Cambodia	Charente
common\operations\LaR_FRA_operations.txt	797	671	Annam	Rowne
common\operations\LaR_FRA_operations.txt	798	670	Laos	Indre
common\operations\LaR_FRA_operations.txt	799	286	Indochina	West Riding
common\operations\LaR_FRA_operations.txt	800	741	Cambodia	Charente
common\operations\LaR_FRA_operations.txt	828	671	Annam	Rowne
common\operations\LaR_FRA_operations.txt	829	670	Laos	Indre
common\operations\LaR_FRA_operations.txt	830	286	Indochina	West Riding
common\operations\LaR_FRA_operations.txt	831	741	Cambodia	Charente
common\operations\LaR_FRA_operations.txt	849	671	Annam	Rowne
common\operations\LaR_FRA_operations.txt	850	670	Laos	Indre
common\operations\LaR_FRA_operations.txt	851	286	Indochina	West Riding
common\operations\LaR_FRA_operations.txt	852	741	Cambodia	Charente
common\operations\LaR_FRA_operations.txt	902	772	Middle Congo	Ardeche
common\operations\LaR_FRA_operations.txt	903	539	Gabon	Budejovice
common\operations\LaR_FRA_operations.txt	904	773	Cameroon	Drome
common\operations\LaR_FRA_operations.txt	905	660	Equatorial Africa	Jura
common\operations\LaR_FRA_operations.txt	906	774	Chad	Gorj
common\operations\LaR_FRA_operations.txt	912	772	Middle Congo	Ardeche
common\operations\LaR_FRA_operations.txt	913	539	Gabon	Budejovice
common\operations\LaR_FRA_operations.txt	914	773	Cameroon	Drome
common\operations\LaR_FRA_operations.txt	915	660	Equatorial Africa	Jura
common\operations\LaR_FRA_operations.txt	916	774	Chad	Gorj
common\operations\LaR_FRA_operations.txt	943	772	Middle Congo	Ardeche
common\operations\LaR_FRA_operations.txt	944	539	Gabon	Budejovice
common\operations\LaR_FRA_operations.txt	945	773	Cameroon	Drome
common\operations\LaR_FRA_operations.txt	946	660	Equatorial Africa	Jura
common\operations\LaR_FRA_operations.txt	947	774	Chad	Gorj
common\operations\LaR_FRA_operations.txt	965	772	Middle Congo	Ardeche
common\operations\LaR_FRA_operations.txt	966	539	Gabon	Budejovice
common\operations\LaR_FRA_operations.txt	967	773	Cameroon	Drome
common\operations\LaR_FRA_operations.txt	968	660	Equatorial Africa	Jura
common\operations\LaR_FRA_operations.txt	969	774	Chad	Gorj
common\operations\LaR_FRA_operations.txt	1019	557	Mauritania	Stalino
common\operations\LaR_FRA_operations.txt	1020	272	French Africa	Fermanagh
common\operations\LaR_FRA_operations.txt	1021	556	Mali	Karlsruhe
common\operations\LaR_FRA_operations.txt	1022	898	Gao	Zamora
common\operations\LaR_FRA_operations.txt	1023	899	Kayes-Koulikoro	Shida Kartli
common\operations\LaR_FRA_operations.txt	1024	780	Guinea	Gap
common\operations\LaR_FRA_operations.txt	1025	779	Ivory Coast	Bologna
common\operations\LaR_FRA_operations.txt	1026	778	Upper Volta	Adygea
common\operations\LaR_FRA_operations.txt	1027	781	Niger	Mehedinti
common\operations\LaR_FRA_operations.txt	1028	776	Dahomey	Usora
common\operations\LaR_FRA_operations.txt	1036	557	Mauritania	Stalino
common\operations\LaR_FRA_operations.txt	1037	272	French Africa	Fermanagh
common\operations\LaR_FRA_operations.txt	1038	556	Mali	Karlsruhe
common\operations\LaR_FRA_operations.txt	1039	898	Gao	Zamora
common\operations\LaR_FRA_operations.txt	1040	899	Kayes-Koulikoro	Shida Kartli
common\operations\LaR_FRA_operations.txt	1041	780	Guinea	Gap
common\operations\LaR_FRA_operations.txt	1042	779	Ivory Coast	Bologna
common\operations\LaR_FRA_operations.txt	1043	778	Upper Volta	Adygea
common\operations\LaR_FRA_operations.txt	1044	781	Niger	Mehedinti
common\operations\LaR_FRA_operations.txt	1045	776	Dahomey	Usora
common\operations\LaR_FRA_operations.txt	1065	557	Mauritania	Stalino
common\operations\LaR_FRA_operations.txt	1066	272	French Africa	Fermanagh
common\operations\LaR_FRA_operations.txt	1067	556	Mali	Karlsruhe
common\operations\LaR_FRA_operations.txt	1068	898	Gao	Zamora
common\operations\LaR_FRA_operations.txt	1069	899	Kayes-Koulikoro	Shida Kartli
common\operations\LaR_FRA_operations.txt	1070	780	Guinea	Gap
common\operations\LaR_FRA_operations.txt	1071	779	Ivory Coast	Bologna
common\operations\LaR_FRA_operations.txt	1072	778	Upper Volta	Adygea
common\operations\LaR_FRA_operations.txt	1073	781	Niger	Mehedinti
common\operations\LaR_FRA_operations.txt	1074	776	Dahomey	Usora
common\operations\LaR_FRA_operations.txt	1096	557	Mauritania	Stalino
common\operations\LaR_FRA_operations.txt	1097	272	French Africa	Fermanagh
common\operations\LaR_FRA_operations.txt	1098	556	Mali	Karlsruhe
common\operations\LaR_FRA_operations.txt	1099	898	Gao	Zamora
common\operations\LaR_FRA_operations.txt	1100	899	Kayes-Koulikoro	Shida Kartli
common\operations\LaR_FRA_operations.txt	1101	780	Guinea	Gap
common\operations\LaR_FRA_operations.txt	1102	779	Ivory Coast	Bologna
common\operations\LaR_FRA_operations.txt	1103	778	Upper Volta	Adygea
common\operations\LaR_FRA_operations.txt	1104	781	Niger	Mehedinti
common\operations\LaR_FRA_operations.txt	1105	776	Dahomey	Usora
common\operations\LaR_FRA_operations.txt	1154	543	Madagascar	Bar-le-Duc
common\operations\LaR_FRA_operations.txt	1161	543	Madagascar	Bar-le-Duc
common\operations\LaR_FRA_operations.txt	1178	543	Madagascar	Bar-le-Duc
common\operations\LaR_FRA_operations.txt	1189	543	Madagascar	Bar-le-Duc
