common\national_focus\congo.txt	679	890	Costermansville	Imereti
common\national_focus\congo.txt	680	888	Lusambo	Kacanik
common\national_focus\congo.txt	681	889	Elisabethville	Zaqatala
common\national_focus\congo.txt	728	718	Stanleyville	Torino
common\national_focus\congo.txt	729	538	Cameroun	Verdun
common\national_focus\congo.txt	1970	768	Rwanda	Dambovita
common\national_focus\congo.txt	1971	769	Burundi	Kerch
common\national_focus\congo.txt	2105	768	Rwanda	Dambovita
common\national_focus\congo.txt	2106	769	Burundi	Kerch
common\national_focus\congo.txt	3373	295	Congo	Naugard
common\national_focus\congo.txt	3490	718	Stanleyville	Torino
common\national_focus\congo.txt	4312	538	Cameroun	Verdun
common\national_focus\congo.txt	4320	890	Costermansville	Imereti
common\national_focus\congo.txt	4416	889	Elisabethville	Zaqatala
common\national_focus\congo.txt	4537	796	North Angola	Nis
common\national_focus\congo.txt	4547	796	North Angola	Nis
common\national_focus\congo.txt	4668	538	Cameroun	Verdun
common\national_focus\congo.txt	4669	718	Stanleyville	Torino
common\national_focus\congo.txt	4670	890	Costermansville	Imereti
common\national_focus\congo.txt	4671	888	Lusambo	Kacanik
common\national_focus\congo.txt	4672	295	Congo	Naugard
common\national_focus\congo.txt	4673	772	Middle Congo	Ardeche
common\national_focus\congo.txt	4674	796	North Angola	Nis
common\national_focus\congo.txt	4675	540	Angola	Charente-Vienne
common\national_focus\congo.txt	4690	538	Cameroun	Verdun
common\national_focus\congo.txt	4691	718	Stanleyville	Torino
common\national_focus\congo.txt	4692	890	Costermansville	Imereti
common\national_focus\congo.txt	4693	888	Lusambo	Kacanik
common\national_focus\congo.txt	4694	295	Congo	Naugard
common\national_focus\congo.txt	4695	772	Middle Congo	Ardeche
common\national_focus\congo.txt	4696	796	North Angola	Nis
common\national_focus\congo.txt	4697	540	Angola	Charente-Vienne
common\national_focus\congo.txt	4814	718	Stanleyville	Torino
common\national_focus\congo.txt	4875	295	Congo	Naugard
common\national_focus\congo.txt	6550	540	Angola	Charente-Vienne
common\national_focus\congo.txt	6551	796	North Angola	Nis
common\national_focus\congo.txt	6552	892	South West Angola	Girona
common\national_focus\congo.txt	6553	891	Zambesi	Dasoguz
common\national_focus\congo.txt	7374	796	North Angola	Nis
common\national_focus\congo.txt	7391	796	North Angola	Nis
common\national_focus\congo.txt	7524	538	Cameroun	Verdun
common\national_focus\congo.txt	7525	718	Stanleyville	Torino
common\national_focus\congo.txt	7526	890	Costermansville	Imereti
common\national_focus\congo.txt	7527	888	Lusambo	Kacanik
common\national_focus\congo.txt	7528	889	Elisabethville	Zaqatala
common\national_focus\congo.txt	7529	295	Congo	Naugard
common\national_focus\congo.txt	7530	772	Middle Congo	Ardeche
common\national_focus\congo.txt	7531	539	Gabon	Budejovice
common\national_focus\congo.txt	7532	773	Cameroon	Drome
common\national_focus\congo.txt	7533	297	Belgian Africa	Louth
common\national_focus\congo.txt	7536	772	Middle Congo	Ardeche
common\national_focus\congo.txt	7820	769	Burundi	Kerch
common\national_focus\congo.txt	7821	768	Rwanda	Dambovita
common\national_focus\congo.txt	7822	546	Tanganyika	Tuchola
common\national_focus\congo.txt	7823	890	Costermansville	Imereti
common\national_focus\congo.txt	7824	548	Uganda	Eure
common\national_focus\congo.txt	7825	904	Nyanza-Rift Valley	Tetovo
common\national_focus\congo.txt	7826	771	Zambia	Modane
common\national_focus\congo.txt	7872	769	Burundi	Kerch
common\national_focus\congo.txt	7873	768	Rwanda	Dambovita
common\national_focus\congo.txt	7874	546	Tanganyika	Tuchola
common\national_focus\congo.txt	7875	890	Costermansville	Imereti
common\national_focus\congo.txt	7876	548	Uganda	Eure
common\national_focus\congo.txt	7877	904	Nyanza-Rift Valley	Tetovo
common\national_focus\congo.txt	7878	771	Zambia	Modane
common\national_focus\congo.txt	7892	769	Burundi	Kerch
common\national_focus\congo.txt	7893	768	Rwanda	Dambovita
common\national_focus\congo.txt	7894	546	Tanganyika	Tuchola
common\national_focus\congo.txt	7895	890	Costermansville	Imereti
common\national_focus\congo.txt	7896	548	Uganda	Eure
common\national_focus\congo.txt	7897	904	Nyanza-Rift Valley	Tetovo
common\national_focus\congo.txt	7898	771	Zambia	Modane
common\national_focus\congo.txt	7950	770	Malawi	Haute-Loire
common\national_focus\congo.txt	7951	897	Zambezia-Mocambique	Valladolid
common\national_focus\congo.txt	8083	768	Rwanda	Dambovita
common\national_focus\congo.txt	8084	769	Burundi	Kerch
common\national_focus\congo.txt	8085	548	Uganda	Eure
common\national_focus\congo.txt	8086	546	Tanganyika	Tuchola
common\national_focus\congo.txt	8087	904	Nyanza-Rift Valley	Tetovo
common\national_focus\congo.txt	8088	547	East Africa	Moselle
common\national_focus\congo.txt	8089	905	Mombasa	Blagoevgrad
common\national_focus\congo.txt	8090	903	Garissa	Viana do Castelo
