common\decisions\COG.txt	22	889	Elisabethville	Zaqatala
common\decisions\COG.txt	23	890	Costermansville	Imereti
common\decisions\COG.txt	24	718	Stanleyville	Torino
common\decisions\COG.txt	25	538	Cameroun	Verdun
common\decisions\COG.txt	26	888	Lusambo	Kacanik
common\decisions\COG.txt	27	295	Congo	Naugard
common\decisions\COG.txt	563	772	Middle Congo	Ardeche
common\decisions\COG.txt	633	769	Burundi	Kerch
common\decisions\COG.txt	703	768	Rwanda	Dambovita
common\decisions\COG.txt	1014	888	Lusambo	Kacanik
common\decisions\COG.txt	1594	768	Rwanda	Dambovita
common\decisions\COG.txt	1595	769	Burundi	Kerch
common\decisions\COG.txt	1602	768	Rwanda	Dambovita
common\decisions\COG.txt	1603	769	Burundi	Kerch
common\decisions\COG.txt	1674	768	Rwanda	Dambovita
common\decisions\COG.txt	1675	769	Burundi	Kerch
common\decisions\COG.txt	1682	768	Rwanda	Dambovita
common\decisions\COG.txt	1683	769	Burundi	Kerch
common\decisions\COG.txt	1790	768	Rwanda	Dambovita
common\decisions\COG.txt	1795	768	Rwanda	Dambovita
common\decisions\COG.txt	1862	769	Burundi	Kerch
common\decisions\COG.txt	1867	769	Burundi	Kerch
common\decisions\COG.txt	1935	768	Rwanda	Dambovita
common\decisions\COG.txt	1936	769	Burundi	Kerch
common\decisions\COG.txt	1944	768	Rwanda	Dambovita
common\decisions\COG.txt	1945	769	Burundi	Kerch
common\decisions\COG.txt	2040	889	Elisabethville	Zaqatala
common\decisions\COG.txt	2041	888	Lusambo	Kacanik
common\decisions\COG.txt	2042	890	Costermansville	Imereti
common\decisions\COG.txt	2188	768	Rwanda	Dambovita
common\decisions\COG.txt	2189	769	Burundi	Kerch
common\decisions\COG.txt	2283	718	Stanleyville	Torino
common\decisions\COG.txt	2361	889	Elisabethville	Zaqatala
common\decisions\COG.txt	2452	718	Stanleyville	Torino
common\decisions\COG.txt	3117	538	Cameroun	Verdun
common\decisions\COG.txt	3118	718	Stanleyville	Torino
common\decisions\COG.txt	3119	890	Costermansville	Imereti
common\decisions\COG.txt	3120	888	Lusambo	Kacanik
common\decisions\COG.txt	3121	889	Elisabethville	Zaqatala
common\decisions\COG.txt	3122	295	Congo	Naugard
common\decisions\COG.txt	3123	772	Middle Congo	Ardeche
common\decisions\COG.txt	3124	796	North Angola	Nis
common\decisions\COG.txt	3125	540	Angola	Charente-Vienne
