common/decisions/GER.txt	519	454	455	fix	West-Vlaanderen	BEL	Oost-Vlaanderen	BEL
common/decisions/GER.txt	529	482	422	fix	Hainaut	BEL	Brabant wallon	BEL
common/decisions/GER.txt	3146	260	2421	already_ok	Eiderstadt	GER	Rossosh	SOV
common/decisions/GER.txt	4346	626	770	fix	Cote-d'Or	FRA	Haute-Loire	FRA
common/decisions/GER.txt	4350	2851	268	fix	Haute-Savoie	FRA	Down	ENG
common/decisions/GER.txt	4351	2851	268	fix	Haute-Savoie	FRA	Down	ENG
common/decisions/GER.txt	4457	13	155	already_ok	Troms	NOR	Parnu	EST
common/decisions/GER.txt	4467	83	705	already_ok	Oppland	NOR	Arad	ROM
common/decisions/GER.txt	4470	106	1530	already_ok	Buskerud	NOR	Kumanovo	YUG
common/decisions/GER.txt	4629	402	632	already_ok	Zuid-Holland	HOL	Astrakhan	SOV
common/decisions/GER.txt	5053	238	2410	already_ok	Sakiu	LIT	Volgodonsk	SOV
common/decisions/GER.txt	5062	206	2135	already_ok	Siauliu	LIT	Minsk	SOV
common/decisions/GER.txt	5066	107	1504	already_ok	Mazeikiu	LIT	Sabac	YUG
common/decisions/GER.txt	5079	231	2271	already_ok	Lida	POL	Javakheti	SOV
common/decisions/GER.txt	5098	236	2516	already_ok	Swieciany	POL	Akhtubinsk	SOV
common/decisions/GER.txt	5102	94	2316	already_ok	Ilukste	LAT	Janow Poleski	POL
common/decisions/GER.txt	5118	95	326	already_ok	Valmiera	LAT	Wolkowysk	POL
common/decisions/GER.txt	5125	155	624	already_ok	Parnu	EST	Gyor es Pozsony	HUN
common/decisions/GER.txt	5133	134	288	already_ok	Narva	EST	Mayo	IRE
common/decisions/GER.txt	5134	137	2127	already_ok	Jaanilinn	EST	Simferopol	SOV
common/decisions/GER.txt	5658	784	241	already_ok	Avar	SOV	Wilno	POL
common/decisions/GER.txt	6379	407	430	already_ok	Sochaczew	POL	Batys Kazakhstan	SOV
common/decisions/GER.txt	6725	974	690	already_ok	Castellon	SPR	Somogy	HUN
common/decisions/GER.txt	7015	406	2517	already_ok	Carmarthenshire	ENG	Kharabali	SOV
common/decisions/GER.txt	7043	234	696	already_ok	Northumberland	ENG	Krasnodar	SOV
common/decisions/GER.txt	7044	237	2513	already_ok	Roxburgh	ENG	Malye Derbety	SOV
common/decisions/GER.txt	7049	239	366	already_ok	Selkirk	ENG	Saratov	SOV
common/decisions/GER.txt	7053	230	1005	already_ok	Ayr	ENG	Ararat	SOV
common/decisions/GER.txt	7054	219	229	already_ok	Lanmark	ENG	Moscow	SOV
common/decisions/GER.txt	7057	126	2475	already_ok	Glasgow	ENG	London	ENG
common/decisions/GER.txt	7060	192	2063	already_ok	Bute	ENG	Domanevka	SOV
common/decisions/GER.txt	7065	204	2686	already_ok	Fife	ENG	Hlousk	SOV
common/decisions/GER.txt	7066	194	2577	already_ok	Perth	ENG	Myshanka	SOV
common/decisions/GER.txt	7068	191	152	already_ok	Kincardine	ENG	Tarto	EST
common/decisions/GER.txt	7275	254	250	already_ok	Londonder	ENG	Ryazan	SOV
common/decisions/GER.txt	8557	566	2747	fix	Bas-Rhin	FRA	Sarrebourg	FRA
common/decisions/GER.txt	8563	472	466	fix	Calais	FRA	Hainaut Francais	FRA
common/decisions/GER.txt	8575	566	2747	fix	Bas-Rhin	FRA	Sarrebourg	FRA
common/decisions/GER.txt	8581	472	466	fix	Calais	FRA	Hainaut Francais	FRA
common/decisions/GER.txt	8651	473	1672	fix	Reichenberg	CZE	Freiberg	GER
common/decisions/GER.txt	8652	1431	539	fix	Krumau	CZE	Budejovice	CZE
common/decisions/GER.txt	8653	507	499	fix	Troppau	CZE	Sternberg	CZE
common/decisions/GER.txt	8655	536	532	fix	Brno	CZE	Olomouc	CZE
common/decisions/GER.txt	8666	473	1672	fix	Reichenberg	CZE	Freiberg	GER
common/decisions/GER.txt	8667	1431	539	fix	Krumau	CZE	Budejovice	CZE
common/decisions/GER.txt	8668	507	499	fix	Troppau	CZE	Sternberg	CZE
common/decisions/GER.txt	8670	536	532	fix	Brno	CZE	Olomouc	CZE
common/national_focus/germany.txt	6161	34	104	fix	Skanderborg	DEN	Haderslev	DEN
common/national_focus/germany.txt	6169	383	2713	fix	Gelderland	HOL	West Noord-Brabant	HOL
common/national_focus/germany.txt	7694	914	None	dead_path	Samtskhe	SOV	None	None
common/national_focus/germany.txt	8878	571	563	fix	Paris	FRA	Melun	FRA
common/national_focus/germany.txt	10331	473	1672	fix	Reichenberg	CZE	Freiberg	GER
common/national_focus/germany.txt	10332	1431	539	fix	Krumau	CZE	Budejovice	CZE
common/national_focus/germany.txt	10333	507	499	fix	Troppau	CZE	Sternberg	CZE
common/national_focus/germany.txt	21913	867	1157	fix	Kielce	POL	Krakow	POL
common/national_focus/germany.txt	21951	867	1157	fix	Kielce	POL	Krakow	POL
common/national_focus/germany.txt	22014	867	1157	fix	Kielce	POL	Krakow	POL
common/national_focus/germany.txt	25098	664	1439	already_ok	Oradea	ROM	Bars es Hont	CZE
common/national_focus/germany.txt	25198	664	1439	already_ok	Oradea	ROM	Bars es Hont	CZE
common/national_focus/germany.txt	27145	664	1439	already_ok	Oradea	ROM	Bars es Hont	CZE
common/national_focus/germany.txt	27231	664	1439	already_ok	Oradea	ROM	Bars es Hont	CZE
common/national_focus/germany.txt	27401	664	1439	already_ok	Oradea	ROM	Bars es Hont	CZE
common/national_focus/germany.txt	27482	664	1439	already_ok	Oradea	ROM	Bars es Hont	CZE
common/national_focus/germany.txt	30070	99	104	already_ok	Gniezno	POL	Haderslev	DEN
common/national_focus/germany.txt	30071	82	2668	already_ok	Chodziez	POL	Sannicolau Mare	ROM
common/national_focus/germany.txt	30118	99	104	already_ok	Gniezno	POL	Haderslev	DEN
common/national_focus/germany.txt	30119	82	2668	already_ok	Chodziez	POL	Sannicolau Mare	ROM
common/scripted_triggers/GER_scripted_triggers.txt	284	459	1188	already_ok	Krzemieniec	POL	Marnia	FRA
common/scripted_triggers/GER_scripted_triggers.txt	383	398	2636	already_ok	Shostka	SOV	Krasnokamsk	SOV
common/scripted_triggers/GER_scripted_triggers.txt	392	450	1251	already_ok	Belgorod	SOV	Hizam al Akhdar	ITA
common/scripted_triggers/GER_scripted_triggers.txt	441	238	2410	already_ok	Sakiu	LIT	Volgodonsk	SOV
common/scripted_triggers/GER_scripted_triggers.txt	450	206	2135	already_ok	Siauliu	LIT	Minsk	SOV
common/scripted_triggers/GER_scripted_triggers.txt	454	107	1504	already_ok	Mazeikiu	LIT	Sabac	YUG
common/scripted_triggers/GER_scripted_triggers.txt	458	91	1292	already_ok	Ventspils	LAT	Lwow	POL
common/scripted_triggers/GER_scripted_triggers.txt	467	231	2271	already_ok	Lida	POL	Javakheti	SOV
common/scripted_triggers/GER_scripted_triggers.txt	486	236	2516	already_ok	Swieciany	POL	Akhtubinsk	SOV
common/scripted_triggers/GER_scripted_triggers.txt	490	94	2316	already_ok	Ilukste	LAT	Janow Poleski	POL
common/scripted_triggers/GER_scripted_triggers.txt	506	95	326	already_ok	Valmiera	LAT	Wolkowysk	POL
common/scripted_triggers/GER_scripted_triggers.txt	513	155	624	already_ok	Parnu	EST	Gyor es Pozsony	HUN
common/scripted_triggers/GER_scripted_triggers.txt	521	134	288	already_ok	Narva	EST	Mayo	IRE
common/scripted_triggers/GER_scripted_triggers.txt	522	137	2127	already_ok	Jaanilinn	EST	Simferopol	SOV
common/scripted_triggers/GER_scripted_triggers.txt	532	13	155	already_ok	Troms	NOR	Parnu	EST
common/scripted_triggers/GER_scripted_triggers.txt	538	71	2661	already_ok	Sor-Trondelag	NOR	Kezmarok	CZE
common/scripted_triggers/GER_scripted_triggers.txt	539	75	532	already_ok	More og Romsdal	NOR	Olomouc	CZE
common/scripted_triggers/GER_scripted_triggers.txt	542	83	705	already_ok	Oppland	NOR	Arad	ROM
common/scripted_triggers/GER_scripted_triggers.txt	545	106	1530	already_ok	Buskerud	NOR	Kumanovo	YUG
common/scripted_triggers/GER_scripted_triggers.txt	578	399	2658	already_ok	Utrecht	HOL	Uva	SOV
common/scripted_triggers/GER_scripted_triggers.txt	579	402	632	already_ok	Zuid-Holland	HOL	Astrakhan	SOV
common/scripted_triggers/GER_scripted_triggers.txt	674	784	241	already_ok	Avar	SOV	Wilno	POL
common/scripted_triggers/GER_scripted_triggers.txt	831	407	430	already_ok	Sochaczew	POL	Batys Kazakhstan	SOV
common/scripted_triggers/GER_scripted_triggers.txt	908	974	690	already_ok	Castellon	SPR	Somogy	HUN
common/scripted_triggers/GER_scripted_triggers.txt	1013	406	2517	already_ok	Carmarthenshire	ENG	Kharabali	SOV
common/scripted_triggers/GER_scripted_triggers.txt	1014	401	2429	already_ok	Brecknockshire	ENG	Balakovo	SOV
common/scripted_triggers/GER_scripted_triggers.txt	1039	256	2421	already_ok	Cumberland	ENG	Rossosh	SOV
common/scripted_triggers/GER_scripted_triggers.txt	1041	234	696	already_ok	Northumberland	ENG	Krasnodar	SOV
common/scripted_triggers/GER_scripted_triggers.txt	1042	237	2513	already_ok	Roxburgh	ENG	Malye Derbety	SOV
common/scripted_triggers/GER_scripted_triggers.txt	1044	217	457	already_ok	East Lothian	ENG	Volgograd	SOV
common/scripted_triggers/GER_scripted_triggers.txt	1047	239	366	already_ok	Selkirk	ENG	Saratov	SOV
common/scripted_triggers/GER_scripted_triggers.txt	1049	249	2646	already_ok	Kirkcud	ENG	Arsk	SOV
common/scripted_triggers/GER_scripted_triggers.txt	1051	230	1005	already_ok	Ayr	ENG	Ararat	SOV
common/scripted_triggers/GER_scripted_triggers.txt	1052	219	229	already_ok	Lanmark	ENG	Moscow	SOV
common/scripted_triggers/GER_scripted_triggers.txt	1055	126	2475	already_ok	Glasgow	ENG	London	ENG
common/scripted_triggers/GER_scripted_triggers.txt	1056	213	19	already_ok	Dunbarton	ENG	Murmansk	SOV
common/scripted_triggers/GER_scripted_triggers.txt	1058	192	2063	already_ok	Bute	ENG	Domanevka	SOV
common/scripted_triggers/GER_scripted_triggers.txt	1061	214	41	already_ok	Clackmannan	ENG	Arkhangelsk	SOV
common/scripted_triggers/GER_scripted_triggers.txt	1063	204	2686	already_ok	Fife	ENG	Hlousk	SOV
common/scripted_triggers/GER_scripted_triggers.txt	1064	194	2577	already_ok	Perth	ENG	Myshanka	SOV
common/scripted_triggers/GER_scripted_triggers.txt	1066	191	152	already_ok	Kincardine	ENG	Tarto	EST
common/scripted_triggers/GER_scripted_triggers.txt	1085	254	250	already_ok	Londonder	ENG	Ryazan	SOV
common/scripted_triggers/GER_scripted_triggers.txt	1875	2420	2421	fix	Borisoglebsk	SOV	Rossosh	SOV
common/scripted_triggers/GER_scripted_triggers.txt	1885	171	250	fix	Nizhny Novgorod	SOV	Ryazan	SOV
common/scripted_triggers/GER_scripted_triggers.txt	1900	201	2388	fix	Bashkortostan	SOV	Neftekamsk	SOV
common/scripted_triggers/GER_scripted_triggers.txt	1902	209	2421	fix	Chuvash	SOV	Rossosh	SOV
common/scripted_triggers/GER_scripted_triggers.txt	1922	571	2387	dead_path	Paris	FRA	Oktyabrsky	SOV
