common/national_focus\canada.txt	3375	CAN_offer_concessions_for_labrador_and_newfoundland	64	Brandenburg	Newfoundland	1638
common/national_focus\congo.txt	3373	COG_strike_while_the_rion_is_hot	295	Congo	Naugard	2974
common/national_focus\congo.txt	4672	COG_declaration_of_congolese_unity	295	Congo	Naugard	2974
common/national_focus\congo.txt	7529	COG_invest_in_rubber_plantations	295	Congo	Naugard	2974
common/national_focus\congo_shared.txt	288	CONGO_expand_villages	295	Congo	Naugard	2974
common/national_focus\congo_shared.txt	318	CONGO_expand_villages	295	Congo	Naugard	2974
common/national_focus\congo_shared.txt	2103	CONGO_jungle_industry	295	Congo	Naugard	2974
common/national_focus\congo_shared.txt	2139	CONGO_jungle_industry	295	Congo	Naugard	2974
common/national_focus\congo_shared.txt	2217	CONGO_jungle_industry	295	Congo	Naugard	2974
common/national_focus\congo_shared.txt	2253	CONGO_jungle_industry	295	Congo	Naugard	2974
common/national_focus\congo_shared.txt	3271	CONGO_rubber_plantations	295	Congo	Naugard	2974
common/national_focus\congo_shared.txt	3307	CONGO_rubber_plantations	295	Congo	Naugard	2974
common/national_focus\congo_shared.txt	3368	CONGO_rubber_plantations	295	Congo	Naugard	2974
common/national_focus\congo_shared.txt	3404	CONGO_rubber_plantations	295	Congo	Naugard	2974
common/national_focus\congo_shared.txt	4648	CONGO_expanded_rubber_plantations	295	Congo	Naugard	2974
common/national_focus\congo_shared.txt	4684	CONGO_expanded_rubber_plantations	295	Congo	Naugard	2974
common/national_focus\congo_shared.txt	4720	CONGO_expanded_rubber_plantations	295	Congo	Naugard	2974
common/national_focus\congo_shared.txt	4782	CONGO_expanded_rubber_plantations	295	Congo	Naugard	2974
common/national_focus\congo_shared.txt	4818	CONGO_expanded_rubber_plantations	295	Congo	Naugard	2974
common/national_focus\congo_shared.txt	4854	CONGO_expanded_rubber_plantations	295	Congo	Naugard	2974
common/national_focus\czechoslovakia_mu.txt	12845	CZE_demand_corridor_to_ussr	89	Krakow	Paijat-Hame	1157
common/national_focus\czechoslovakia_mu.txt	12846	CZE_demand_corridor_to_ussr	91	Tarnopol	Ventspils	1294
common/national_focus\czechoslovakia_mu.txt	22672	CZE_within_the_eagles_nest	411	Hormozgan	Delitzsch	1314
common/national_focus\czechoslovakia_mu.txt	22711	CZE_within_the_eagles_nest	411	Hormozgan	Delitzsch	1314
common/national_focus\denmark.txt	2227	DEN_secure_danish_freedom	226	Nikopol	Gotland	2077
common/national_focus\france.txt	6242	FRA_grow_the_empire	295	Congo	Naugard	2974
common/national_focus\france.txt	8661	FRA_disunite_germany	411	Hormozgan	Delitzsch	1314
common/national_focus\germany.txt	6150	GER_construct_the_kammhuber_line	925	Finnmark	Ardahan	4
common/national_focus\germany.txt	6151	GER_construct_the_kammhuber_line	924	Troms	Samsun	13
common/national_focus\germany.txt	6157	GER_construct_the_kammhuber_line	921	Telemark	Bartin	123
common/national_focus\germany.txt	6159	GER_construct_the_kammhuber_line	915	Bohuslan	Vila Real	2885
common/national_focus\germany.txt	6167	GER_construct_the_kammhuber_line	36	Friesland	Lavansaari	336
common/national_focus\germany.txt	6169	GER_construct_the_kammhuber_line	35	Gelderland	Komi	383
common/national_focus\germany.txt	7536	GER_atlantic_naval_bases	30	Loire	Medvezhyegorsk	729
common/national_focus\germany.txt	7541	GER_atlantic_naval_bases	790	Asturias	Beograd	837
common/national_focus\germany.txt	7543	GER_atlantic_naval_bases	180	Porto	Aberdeen	935
common/national_focus\germany.txt	7546	GER_atlantic_naval_bases	169	Sevilla	Ross and Cromarty	1079
common/national_focus\germany.txt	7566	GER_atlantic_naval_bases	30	Loire	Medvezhyegorsk	729
common/national_focus\germany.txt	7571	GER_atlantic_naval_bases	790	Asturias	Beograd	837
common/national_focus\germany.txt	7573	GER_atlantic_naval_bases	180	Porto	Aberdeen	935
common/national_focus\germany.txt	7576	GER_atlantic_naval_bases	169	Sevilla	Ross and Cromarty	1079
common/national_focus\germany.txt	7673	GER_atlantic_naval_dominance	697	Madeira	Tolna	1823
common/national_focus\germany.txt	7703	GER_atlantic_naval_dominance	697	Madeira	Tolna	1823
common/national_focus\germany.txt	7709	GER_atlantic_naval_dominance	697	Madeira	Tolna	1823
common/national_focus\germany.txt	14059	bulgaria	846	Ticino	Pirot	708
common/national_focus\germany.txt	18924	GER_loyalty_to_the_fuhrer	64	Brandenburg	Newfoundland	1638
common/national_focus\germany.txt	25112	wuw_GER_realpolitik	665	Gabes	Cluj	1215
common/national_focus\germany.txt	25212	wuw_GER_realpolitik	665	Gabes	Cluj	1215
common/national_focus\germany.txt	27116	GER_the_second_berlin_award	665	Gabes	Cluj	1215
common/national_focus\germany.txt	27202	GER_the_second_berlin_award	665	Gabes	Cluj	1215
common/national_focus\germany.txt	27372	wuw_GER_realpolitik	665	Gabes	Cluj	1215
common/national_focus\germany.txt	27453	wuw_GER_realpolitik	665	Gabes	Cluj	1215
common/national_focus\germany.txt	28854	wtt_germany	243	Roslavl	Srem	2190
common/national_focus\germany.txt	30067	GER_restore_eastern_imperial_possessions	243	Roslavl	Srem	2190
common/national_focus\germany.txt	30115	wuw_GER_realpolitik	243	Roslavl	Srem	2190
common/national_focus\germany.txt	30240	GER_demand_further_polish_concessions	351	Vologda	Ostrow Mazowiecka	96
common/national_focus\germany.txt	30292	wuw_GER_realpolitik	351	Vologda	Ostrow Mazowiecka	96
common/national_focus\hungary_wuw.txt	1339	wuw_HUN_the_lands_of_the_crown_of_saint_stephen	665	Gabes	Cluj	1215
common/national_focus\hungary_wuw.txt	2226	WW_hungary	762	Katowice	Istria	481
common/national_focus\hungary_wuw.txt	2227	WW_hungary	88	Kielce	Kopparberg	867
common/national_focus\hungary_wuw.txt	2228	WW_hungary	91	Tarnopol	Ventspils	1294
common/national_focus\hungary_wuw.txt	2229	WW_hungary	89	Krakow	Paijat-Hame	1157
common/national_focus\hungary_wuw.txt	2772	wuw_HUN_the_kingdom_of_ukraine	198	Vinnytsia	Vladimir	527
common/national_focus\hungary_wuw.txt	2774	wuw_HUN_the_kingdom_of_ukraine	192	Odessa	Bute	2045
common/national_focus\hungary_wuw.txt	2777	wuw_HUN_the_kingdom_of_ukraine	193	Kiev	Angus	2027
common/national_focus\hungary_wuw.txt	2780	wuw_HUN_the_kingdom_of_ukraine	203	Cherkasy	Blekinge	2067
common/national_focus\hungary_wuw.txt	2782	wuw_HUN_the_kingdom_of_ukraine	226	Nikopol	Gotland	2077
common/national_focus\hungary_wuw.txt	2783	wuw_HUN_the_kingdom_of_ukraine	196	Kherson	Jelgava	2085
common/national_focus\hungary_wuw.txt	2785	wuw_HUN_the_kingdom_of_ukraine	221	Kharkov	Midlothian	497
common/national_focus\hungary_wuw.txt	2786	wuw_HUN_the_kingdom_of_ukraine	227	Stalino	Klaipedos	557
common/national_focus\hungary_wuw.txt	2787	wuw_HUN_the_kingdom_of_ukraine	228	Taganrog	Ribe	2082
common/national_focus\hungary_wuw.txt	2788	wuw_HUN_the_kingdom_of_ukraine	137	Crimea	Jaanilinn	2044
common/national_focus\hungary_wuw.txt	2805	wuw_HUN_the_kingdom_of_ukraine	198	Vinnytsia	Vladimir	527
common/national_focus\hungary_wuw.txt	2807	wuw_HUN_the_kingdom_of_ukraine	192	Odessa	Bute	2045
common/national_focus\hungary_wuw.txt	2810	wuw_HUN_the_kingdom_of_ukraine	193	Kiev	Angus	2027
common/national_focus\hungary_wuw.txt	2813	wuw_HUN_the_kingdom_of_ukraine	203	Cherkasy	Blekinge	2067
common/national_focus\hungary_wuw.txt	2815	wuw_HUN_the_kingdom_of_ukraine	226	Nikopol	Gotland	2077
common/national_focus\hungary_wuw.txt	2816	wuw_HUN_the_kingdom_of_ukraine	196	Kherson	Jelgava	2085
common/national_focus\hungary_wuw.txt	2818	wuw_HUN_the_kingdom_of_ukraine	221	Kharkov	Midlothian	497
common/national_focus\hungary_wuw.txt	2819	wuw_HUN_the_kingdom_of_ukraine	227	Stalino	Klaipedos	557
common/national_focus\hungary_wuw.txt	2820	wuw_HUN_the_kingdom_of_ukraine	228	Taganrog	Ribe	2082
common/national_focus\hungary_wuw.txt	2821	wuw_HUN_the_kingdom_of_ukraine	137	Crimea	Jaanilinn	2044
common/national_focus\hungary_wuw.txt	4642	WW_hungary	762	Katowice	Istria	481
common/national_focus\hungary_wuw.txt	6036	WW_hungary	934	Shkoder	Napoli	1519
common/national_focus\hungary_wuw.txt	6481	WW_hungary	798	Amasya	Genova	963
common/national_focus\hungary_wuw.txt	11942	wuw_HUN_reaffirm_territorial_claims	665	Gabes	Cluj	1215
common/national_focus\hungary_wuw.txt	12109	wuw_HUN_demand_croatian_reintigration	811	Saaremaa	Sibenik	146
common/national_focus\hungary_wuw.txt	15564	wuw_HUN_reclaim_the_pannonian_steppe	665	Gabes	Cluj	1215
common/national_focus\hungary_wuw.txt	15782	wuw_HUN_revive_the_tribal_consolidation	665	Gabes	Cluj	1215
common/national_focus\hungary_wuw.txt	16481	wuw_HUN_central_military_planning_committee	665	Gabes	Cluj	1215
common/national_focus\netherlands.txt	1031	HOL_liberation	358	New York	Noord-Holland	11
common/national_focus\netherlands.txt	2951	HOL_prepare_naval_expansion	358	New York	Noord-Holland	11
common/national_focus\norway.txt	3426	NOR_coastal_defense	124	Gotland	Oslo	226
common/national_focus\norway.txt	3493	NOR_fortify_norway	124	Gotland	Oslo	226
common/national_focus\norway.txt	6669	AAT_norway	246	Rzhev	Tonder	2452
common/national_focus\norway.txt	6672	AAT_norway	228	Taganrog	Ribe	2082
common/national_focus\norway.txt	6677	AAT_norway	181	Guarda	Viborg	954
common/national_focus\norway.txt	6682	AAT_norway	240	Voronezh	Odense	412
common/national_focus\norway.txt	6683	AAT_norway	247	Tver	Svendborg	154
common/national_focus\norway.txt	7098	NOR_consolidate_kingdom	54	Bayreuth	Jamtland	495
common/national_focus\norway.txt	7101	NOR_consolidate_kingdom	90	Lwow	Faero	1292
common/national_focus\norway.txt	7102	NOR_consolidate_kingdom	116	Malta	Zetland	1622
common/national_focus\norway.txt	7901	NOR_revamp_hydroelectric_capacity	124	Gotland	Oslo	226
common/national_focus\poland.txt	2912	POL_the_old_borders	227	Stalino	Klaipedos	557
common/national_focus\poland.txt	4401	POL_fortification_of_ukraine	420	Gilan	Sarny	1069
common/national_focus\poland.txt	6120	POL_greater_polish_SSR	1000	East Azerbaijan	Oszmiana	1040
common/national_focus\poland.txt	6158	POL_greater_polish_SSR	227	Stalino	Klaipedos	557
common/national_focus\poland.txt	6162	POL_greater_polish_SSR	208	Pskov	Kretingos	151
common/national_focus\poland.txt	7251	POL_invest_in_the_peasantry	1000	East Azerbaijan	Oszmiana	1040
common/national_focus\poland.txt	8528	POL_reclaim_west_slavia	227	Stalino	Klaipedos	557
common/national_focus\poland.txt	9409	POL_assert_eastern_claims_pavel	388	Montana	Kursk	1565
common/national_focus\poland.txt	9848	POL_proclaim_slavic_unity	763	Konigsberg	Nogay	252
common/national_focus\poland.txt	10807	POL_greater_commonwealth	388	Montana	Kursk	1565
common/national_focus\poland.txt	11844	POL_divide_lit	227	Stalino	Klaipedos	557
common/national_focus\poland.txt	13132	POL_integrate_greater_kashubia	339	Izmir	Landsberg	1032
common/national_focus\poland.txt	13301	POL_assert_eastern_claims	388	Montana	Kursk	1565
common/national_focus\soviet.txt	7821	NSB_soviet_paranoia_system_events	41	Madrid	Arkhangelsk	951
common/national_focus\soviet.txt	7825	NSB_soviet_paranoia_system_events	405	Atyrau	Buckinghamshire	561
common/national_focus\soviet.txt	8823	SOV_regional_development	405	Atyrau	Buckinghamshire	561
common/national_focus\soviet.txt	8827	SOV_regional_development	464	Nova Scotia	Aqtobe	8
common/national_focus\soviet.txt	9097	NSB_soviet_paranoia_system_events	41	Madrid	Arkhangelsk	951
common/national_focus\soviet.txt	9101	NSB_soviet_paranoia_system_events	405	Atyrau	Buckinghamshire	561
common/national_focus\sweden.txt	9312	AAT_Sweden	90	Lwow	Faero	1292
common/national_focus\turkey.txt	1737	TUR_the_pontic_redoubt	925	Finnmark	Ardahan	4
common/national_focus\turkey.txt	2496	TUR_reclaim_macedonia	910	Bornholm	Evros	164
common/national_focus\turkey.txt	6604	TUR_rebuke_the_treaty_of_lausanne	910	Bornholm	Evros	164
common/national_focus\uk.txt	2971	ENG_withdraw_from_contested_territories	64	Brandenburg	Newfoundland	1638
common/national_focus\uk.txt	4832	ENG_imperial_conference	64	Brandenburg	Newfoundland	1638
common/national_focus\usa.txt	3798	usa	64	Brandenburg	Newfoundland	1638
common/national_focus\yugoslavia.txt	353	YUG_reinstate_istrian_claims	762	Katowice	Istria	481
common/national_focus\yugoslavia.txt	2305	YUG_surrender_macedonia	846	Ticino	Pirot	708
