common\decisions\GER.txt	3194	260	Borisoglbsk	Eiderstadt
common\decisions\GER.txt	3196	246	Rzhev	Tonder
common\decisions\GER.txt	3197	228	Taganrog	Ribe
common\decisions\GER.txt	3198	197	Mykolaiv	Ringkobing
common\decisions\GER.txt	3199	181	Guarda	Viborg
common\decisions\GER.txt	3200	144	Nord-Noreg	Thisted
common\decisions\GER.txt	3201	140	Vaster Gotland	Hjorring
common\decisions\GER.txt	3202	322	Tibet	Oldenburg
common\decisions\GER.txt	3203	314	El Salvador	Wilhelmshaven
common\decisions\GER.txt	3241	260	Borisoglbsk	Eiderstadt
common\decisions\GER.txt	3243	246	Rzhev	Tonder
common\decisions\GER.txt	3244	228	Taganrog	Ribe
common\decisions\GER.txt	3245	197	Mykolaiv	Ringkobing
common\decisions\GER.txt	3246	181	Guarda	Viborg
common\decisions\GER.txt	3247	144	Nord-Noreg	Thisted
common\decisions\GER.txt	3248	140	Vaster Gotland	Hjorring
common\decisions\GER.txt	3249	322	Tibet	Oldenburg
common\decisions\GER.txt	3250	314	El Salvador	Wilhelmshaven
common\decisions\GER.txt	3256	399	Izhevsk	Utrecht
common\decisions\GER.txt	3281	260	Borisoglbsk	Eiderstadt
common\decisions\GER.txt	3283	246	Rzhev	Tonder
common\decisions\GER.txt	3284	228	Taganrog	Ribe
common\decisions\GER.txt	3285	197	Mykolaiv	Ringkobing
common\decisions\GER.txt	3286	181	Guarda	Viborg
common\decisions\GER.txt	3287	144	Nord-Noreg	Thisted
common\decisions\GER.txt	3288	140	Vaster Gotland	Hjorring
common\decisions\GER.txt	3289	322	Tibet	Oldenburg
common\decisions\GER.txt	3290	314	El Salvador	Wilhelmshaven
common\decisions\GER.txt	3296	399	Izhevsk	Utrecht
common\decisions\GER.txt	3297	383	Kansas	Gelderland
common\decisions\GER.txt	3298	364	South Carolina	Overijssel
common\decisions\GER.txt	3401	871	Esperence-Goldfields	Pyrenees-Orientales
common\decisions\GER.txt	3439	871	Esperence-Goldfields	Pyrenees-Orientales
common\decisions\GER.txt	3467	871	Esperence-Goldfields	Pyrenees-Orientales
common\decisions\GER.txt	3561	893	Karas	Ceuta
common\decisions\GER.txt	3565	1057	Dutch Southern New Guinea	Murcia
common\decisions\GER.txt	3610	893	Karas	Ceuta
common\decisions\GER.txt	3614	1057	Dutch Southern New Guinea	Murcia
common\decisions\GER.txt	3657	893	Karas	Ceuta
common\decisions\GER.txt	3661	1057	Dutch Southern New Guinea	Murcia
common\decisions\GER.txt	3694	893	Karas	Ceuta
common\decisions\GER.txt	3698	1057	Dutch Southern New Guinea	Murcia
common\decisions\GER.txt	4345	22	Roussillion	Kalastajasaarento
common\decisions\GER.txt	4462	53	Oberbayern	Nord-Trondelag
common\decisions\GER.txt	4463	71	East Slovakia	Sor-Trondelag
common\decisions\GER.txt	4464	75	Moravia	More og Romsdal
common\decisions\GER.txt	4466	92	Lublin	Sogn og Fjordane
common\decisions\GER.txt	4626	364	South Carolina	Overijssel
common\decisions\GER.txt	4627	383	Kansas	Gelderland
common\decisions\GER.txt	4628	399	Izhevsk	Utrecht
common\decisions\GER.txt	4690	358	New York	Noord-Holland
common\decisions\GER.txt	4704	358	New York	Noord-Holland
common\decisions\GER.txt	5064	207	Viciebsk	Panevezio
common\decisions\GER.txt	5068	67	Oberschlesien	Kuldiga
common\decisions\GER.txt	5070	91	Tarnopol	Ventspils
common\decisions\GER.txt	5072	188	Memel	Tukums
common\decisions\GER.txt	5081	241	Pochep	Wilno
common\decisions\GER.txt	5622	977	- Antwerp	Gegharkunik
common\decisions\GER.txt	5623	978	- Actual Baden	Kotayk
common\decisions\GER.txt	5625	976	- Steiermark Karnten	Armavir
common\decisions\GER.txt	5645	879	Kargopol	Kakheti
common\decisions\GER.txt	5651	899	Kayes-Koulikoro	Shida Kartli
common\decisions\GER.txt	5674	763	Konigsberg	Nogay
common\decisions\GER.txt	5721	997	Arakan	Nagorno-Karabakh
common\decisions\GER.txt	6720	880	Kotlas	Zaragoza
common\decisions\GER.txt	6737	833	- Mari El	Lugo
common\decisions\GER.txt	6742	898	Gao	Zamora
common\decisions\GER.txt	6744	980	- Ardennes	Cuenca
common\decisions\GER.txt	6765	1057	Dutch Southern New Guinea	Murcia
common\decisions\GER.txt	6770	847	Western Swiss Alps	Setubal
common\decisions\GER.txt	7006	403	Kharabali	Bedfordshire
common\decisions\GER.txt	7016	401	Engels	Brecknockshire
common\decisions\GER.txt	7041	256	Cheboksary	Cumberland
common\decisions\GER.txt	7046	217	Stalingrad Area	East Lothian
common\decisions\GER.txt	7051	249	Kazan	Kirkcud
common\decisions\GER.txt	7058	213	Murmansk	Dunbarton
common\decisions\GER.txt	7063	214	Arkhangelsk	Clackmannan
common\decisions\GER.txt	7141	126	Greater London Area	Glasgow
common\decisions\GER.txt	7276	262	Torzhok	Tyrone
common\decisions\GER.txt	7278	272	French Africa	Fermanagh
