common\national_focus\germany.txt	6982	807	Gdynia	Gard
common\national_focus\germany.txt	9235	635	New Caledonia	Murtal und Murau
common\national_focus\germany.txt	9356	635	New Caledonia	Murtal und Murau
common\national_focus\germany.txt	9446	635	New Caledonia	Murtal und Murau
common\national_focus\germany.txt	19392	909	South Schleswig	Kastamonu
common\national_focus\germany.txt	19429	58	Schleswig - Holstein	Hauts-de-Seine
common\national_focus\germany.txt	19466	61	Mecklenburg	Pudozh
common\national_focus\germany.txt	21253	50	Baden	Kainuu
common\national_focus\germany.txt	21271	50	Baden	Kainuu
common\national_focus\germany.txt	21292	50	Baden	Kainuu
common\national_focus\germany.txt	21598	51	Moselland	Vesturland
common\national_focus\germany.txt	25070	593	Guangdong	Uzhorod a Mukacevo
common\national_focus\germany.txt	25080	712	Cocos Islands	Medimurje
common\national_focus\germany.txt	25091	738	Aru Islands	Zrenjanin
common\national_focus\germany.txt	25127	713	Kerguelen	Alba
common\national_focus\germany.txt	25170	593	Guangdong	Uzhorod a Mukacevo
common\national_focus\germany.txt	25180	712	Cocos Islands	Medimurje
common\national_focus\germany.txt	25191	738	Aru Islands	Zrenjanin
common\national_focus\germany.txt	25227	713	Kerguelen	Alba
common\national_focus\germany.txt	27102	738	Aru Islands	Zrenjanin
common\national_focus\germany.txt	27124	713	Kerguelen	Alba
common\national_focus\germany.txt	27188	738	Aru Islands	Zrenjanin
common\national_focus\germany.txt	27210	713	Kerguelen	Alba
common\national_focus\germany.txt	27358	738	Aru Islands	Zrenjanin
common\national_focus\germany.txt	27380	713	Kerguelen	Alba
common\national_focus\germany.txt	27439	738	Aru Islands	Zrenjanin
common\national_focus\germany.txt	27461	713	Kerguelen	Alba
common\national_focus\germany.txt	28817	335	West Java	Koscian
common\national_focus\germany.txt	30066	335	West Java	Koscian
common\national_focus\germany.txt	30114	335	West Java	Koscian
common\national_focus\germany.txt	30256	594	Nanning	Kalisz
common\national_focus\germany.txt	30306	594	Nanning	Kalisz
common\national_focus\germany.txt	35086	55	Nassau	Rhode Island
common\national_focus\germany.txt	35104	55	Nassau	Rhode Island
