_audit_formable.tsv	common\decisions\formable_nation_decisions.txt	1649	454	united_netherlands: Belgium req. Mod 454=West-Vlaanderen (Flemish BEL). Same id is ALSO un-migrated 
_audit_formable.tsv	common\decisions\formable_nation_decisions.txt	1653	456	united_netherlands: Belgium req. Mod 456=Vlaams-Limburg. Also un-migrated Egypt refs in Ottoman L194
_audit_formable.tsv	common\decisions\formable_nation_decisions.txt	3855	57	EU_karelo_finnish list: mod 57=Olonets is Karelia/Murmansk; also used to exclude same states in EU_r
_audit_formable.tsv	common\decisions\formable_nation_decisions.txt	3858	59	EU_karelo_finnish list: mod 59=Suoyarvi is Karelia/Murmansk; also used to exclude same states in EU_
_audit_formable.tsv	common\decisions\formable_nation_decisions.txt	3861	52	EU_karelo_finnish list: mod 52=Segezha is Karelia/Murmansk; also used to exclude same states in EU_r
_audit_formable.tsv	common\decisions\formable_nation_decisions.txt	4658	754	form_roman_empire Yugoslavia list: mod 754=Lika-Gacka (Dalmatia). Also correct in proclaim_greater_i
_audit_formable.tsv	common\decisions\formable_nation_decisions.txt	4708	988	Roman Turkey list: mod 988=Biga.
_audit_formable.tsv	common\decisions\formable_nation_decisions.txt	4771	850	Roman coastal-France list: mod 850=Aude.
_audit_formable.tsv	common\decisions\formable_nation_decisions.txt	5133	759	reintigrate_dacia: mod 759=Valcea.
_audit_formable.tsv	common\decisions\formable_nation_decisions.txt	5412	1001	reconquer_galatia_et_cappadocia: mod 1001=Igdir (Armenian highlands; author included it w/ Cappadoci
_audit_formable.tsv	common\decisions\formable_nation_decisions.txt	5927	451	belgica: mod 451=Zeeland. NB same id is un-migrated vanilla Derna in form_ottoman_empire Italy-NAfri
_audit_formable.tsv	common\decisions\formable_nation_decisions.txt	7699	1026	form_andalusia: mod 1026=Portalegre.
_audit_formable.tsv	common\decisions\formable_nation_decisions.txt	9370	821	claim_northern_caucasus '#Chechnya-Ingushetia': mod 821=Chechen (CIN-cored 821+843 Ingushetia+2399/2
_audit_gerdec.tsv	common/decisions/GER.txt	3149	228	GER_construct_the_central_atlantikwall available(also L3197,3244,3284): mod 228=Ribe, Danish/German 
_audit_gerdec.tsv	common/decisions/GER.txt	3152	144	GER_construct_the_central_atlantikwall available(also L3200,3247,3287): mod 144=Thisted, Danish/Germ
_audit_gerdec.tsv	common/decisions/GER.txt	3155	314	GER_construct_the_central_atlantikwall available(also L3203,3250,3290): mod 314=Wilhelmshaven, Danis
_audit_gerdec.tsv	common/decisions/GER.txt	3361	871	GER_construct_the_west_atlantikwall available(also L3401,3439,3467): NOT-exclusion mod 871=Pyrenees-
_audit_gerdec.tsv	common/decisions/GER.txt	3729	718	GER_construct_the_alpenwall ai_will_do: mod 718=Torino matches comment #Piemonte - migrated, correct
_audit_gerdec.tsv	common/decisions/GER.txt	4457	13	GER_reichskommissariat_norwegen highlight_state_targets: mod 13=Troms is a Norwegian state - intende
_audit_gerdec.tsv	common/decisions/GER.txt	4469	128	GER_reichskommissariat_norwegen highlight_state_targets: mod 128=Rogaland is a Norwegian state - int
_audit_gerdec.tsv	common/decisions/GER.txt	4472	132	GER_reichskommissariat_norwegen highlight_state_targets: mod 132=Aust-Agder is a Norwegian state - i
_audit_gerdec.tsv	common/decisions/GER.txt	4477	129	GER_reichskommissariat_norwegen highlight_state_targets: mod 129=Ostfold is a Norwegian state - inte
_audit_gerdec.tsv	common/decisions/GER.txt	4616	479	GER_reichskommissariat_niederlande highlight_state_targets: mod 479=Oost Noord-Brabant is a Dutch st
_audit_gerdec.tsv	common/decisions/GER.txt	4625	336	GER_reichskommissariat_niederlande highlight_state_targets: mod 336=Friesland is a Dutch state - int
_audit_gerdec.tsv	common/decisions/GER.txt	4797	500	GER_reichskommissariat_belgien_nordfrankreich highlight_state_targets: mod 500=Luxembourg Belge is a
_audit_gerdec.tsv	common/decisions/GER.txt	4802	487	GER_reichskommissariat_belgien_nordfrankreich highlight_state_targets: mod 487=Namur is a Belgian/N-
_audit_gerdec.tsv	common/decisions/GER.txt	4806	422	GER_reichskommissariat_belgien_nordfrankreich highlight_state_targets: mod 422=Brabant wallon is a B
_audit_gerdec.tsv	common/decisions/GER.txt	4809	455	GER_reichskommissariat_belgien_nordfrankreich highlight_state_targets: mod 455=Oost-Vlaanderen is a 
_audit_gerdec.tsv	common/decisions/GER.txt	5049	259	GER_reichskommissariat_ostland highlight_state_targets: mod 259=Marijampoles is a Baltic/Belarusian 
_audit_gerdec.tsv	common/decisions/GER.txt	5054	101	GER_reichskommissariat_ostland highlight_state_targets: mod 101=Taurages is a Baltic/Belarusian stat
_audit_gerdec.tsv	common/decisions/GER.txt	5059	208	GER_reichskommissariat_ostland highlight_state_targets: mod 208=Kretingos is a Baltic/Belarusian sta
_audit_gerdec.tsv	common/decisions/GER.txt	5063	244	GER_reichskommissariat_ostland highlight_state_targets: mod 244=Ukmerges is a Baltic/Belarusian stat
_audit_gerdec.tsv	common/decisions/GER.txt	5073	196	GER_reichskommissariat_ostland highlight_state_targets: mod 196=Jelgava is a Baltic/Belarusian state
_audit_gerdec.tsv	common/decisions/GER.txt	5084	292	GER_reichskommissariat_ostland highlight_state_targets: mod 292=Baranowicze is a Baltic/Belarusian s
_audit_gerdec.tsv	common/decisions/GER.txt	5097	225	GER_reichskommissariat_ostland highlight_state_targets: mod 225=Utenos is a Baltic/Belarusian state 
_audit_gerdec.tsv	common/decisions/GER.txt	5110	172	GER_reichskommissariat_ostland highlight_state_targets: mod 172=Riga is a Baltic/Belarusian state - 
_audit_gerdec.tsv	common/decisions/GER.txt	5117	112	GER_reichskommissariat_ostland highlight_state_targets: mod 112=Cesis is a Baltic/Belarusian state -
_audit_gerdec.tsv	common/decisions/GER.txt	5123	173	GER_reichskommissariat_ostland highlight_state_targets: mod 173=Voru is a Baltic/Belarusian state - 
_audit_gerdec.tsv	common/decisions/GER.txt	5131	133	GER_reichskommissariat_ostland highlight_state_targets: mod 133=Harju is a Baltic/Belarusian state -
_audit_gerdec.tsv	common/decisions/GER.txt	5134	137	GER_reichskommissariat_ostland highlight_state_targets: mod 137=Jaanilinn is a Baltic/Belarusian sta
_audit_gerdec.tsv	common/decisions/GER.txt	5386	618	GER_expand_ukraine_adminsitrative_area highlight_state_targets: mod 618=Ochakov is a Ukrainian state
_audit_gerdec.tsv	common/decisions/GER.txt	5604	966	GER_reichskommissariat_kaukasien highlight_state_targets: mod 966=Dagliq Sirvan is a Caucasus state 
_audit_gerdec.tsv	common/decisions/GER.txt	5612	997	GER_reichskommissariat_kaukasien highlight_state_targets: mod 997=Nagorno-Karabakh is a Caucasus sta
_audit_gerdec.tsv	common/decisions/GER.txt	5617	1023	GER_reichskommissariat_kaukasien highlight_state_targets: mod 1023=Nakhchivan is a Caucasus state - 
_audit_gerdec.tsv	common/decisions/GER.txt	5629	961	GER_reichskommissariat_kaukasien highlight_state_targets: mod 961=Tavush is a Caucasus state - inten
_audit_gerdec.tsv	common/decisions/GER.txt	5637	889	GER_reichskommissariat_kaukasien highlight_state_targets: mod 889=Zaqatala is a Caucasus state - int
_audit_gerdec.tsv	common/decisions/GER.txt	5654	869	GER_reichskommissariat_kaukasien highlight_state_targets: mod 869=Racha-Lechkhumi is a Caucasus stat
_audit_gerdec.tsv	common/decisions/GER.txt	5661	1028	GER_reichskommissariat_kaukasien highlight_state_targets: mod 1028=Dagestan is a Caucasus state - in
_audit_gerdec.tsv	common/decisions/GER.txt	5667	821	GER_reichskommissariat_kaukasien highlight_state_targets: mod 821=Chechen is a Caucasus state - inte
_audit_gerdec.tsv	common/decisions/GER.txt	5691	732	GER_reichskommissariat_kaukasien highlight_state_targets: mod 732=Stavropol is a Caucasus state - in
_audit_gerdec.tsv	common/decisions/GER.txt	5851	1006	GER_reichskommissariat_turkestan highlight_state_targets: mod 1006=Ahal (Ashgabat, #Hauptstadt) is a
_audit_gerdec.tsv	common/decisions/GER.txt	5858	761	GER_reichskommissariat_turkestan highlight_state_targets: mod 761=Karakalpakstan is a Central-Asian 
_audit_gerdec.tsv	common/decisions/GER.txt	5867	561	GER_reichskommissariat_turkestan highlight_state_targets: mod 561=Atyrau is a Central-Asian state - 
_audit_gerdec.tsv	common/decisions/GER.txt	6384	370	GER_generalgouvernement highlight_state_targets: mod 370=Grojec is a Polish state - intended geograp
_audit_gerdec.tsv	common/decisions/GER.txt	6392	1080	GER_generalgouvernement highlight_state_targets: mod 1080=Miechow is a Polish state - intended geogr
_audit_gerdec.tsv	common/decisions/GER.txt	6395	827	GER_generalgouvernement highlight_state_targets: mod 827=Radom is a Polish state - intended geograph
_audit_gerdec.tsv	common/decisions/GER.txt	6399	1002	GER_generalgouvernement highlight_state_targets: mod 1002=Chelm is a Polish state - intended geograp
_audit_gerdec.tsv	common/decisions/GER.txt	6404	484	GER_generalgouvernement highlight_state_targets: mod 484=Nisko is a Polish state - intended geograph
_audit_gerdec.tsv	common/decisions/GER.txt	6408	491	GER_generalgouvernement highlight_state_targets: mod 491=Zamosc is a Polish state - intended geograp
_audit_gerdec.tsv	common/decisions/GER.txt	6534	490	GER_expand_generalgouvernement_adminsitrative_area highlight_state_targets: mod 490=Drohobycz is a P
_audit_gerdec.tsv	common/decisions/GER.txt	6550	501	GER_expand_generalgouvernement_adminsitrative_area highlight_state_targets: mod 501=Lubaczow is a Po
_audit_gerdec.tsv	common/decisions/GER.txt	6715	875	GER_reichskommissariat_iberien highlight_state_targets: mod 875=Lleida is a Iberian state - intended
_audit_gerdec.tsv	common/decisions/GER.txt	6722	860	GER_reichskommissariat_iberien highlight_state_targets: mod 860=Alava is a Iberian state - intended 
_audit_gerdec.tsv	common/decisions/GER.txt	6728	859	GER_reichskommissariat_iberien highlight_state_targets: mod 859=Burgos is a Iberian state - intended
_audit_gerdec.tsv	common/decisions/GER.txt	6731	940	GER_reichskommissariat_iberien highlight_state_targets: mod 940=Guadalajara is a Iberian state - int
_audit_gerdec.tsv	common/decisions/GER.txt	6735	857	GER_reichskommissariat_iberien highlight_state_targets: mod 857=Leon is a Iberian state - intended g
_audit_gerdec.tsv	common/decisions/GER.txt	6739	874	GER_reichskommissariat_iberien highlight_state_targets: mod 874=Pontevedra is a Iberian state - inte
_audit_gerdec.tsv	common/decisions/GER.txt	6743	1007	GER_reichskommissariat_iberien highlight_state_targets: mod 1007=Valencia is a Iberian state - inten
_audit_gerdec.tsv	common/decisions/GER.txt	6747	915	GER_reichskommissariat_iberien highlight_state_targets: mod 915=Vila Real is a Iberian state - inten
_audit_gerdec.tsv	common/decisions/GER.txt	6751	943	GER_reichskommissariat_iberien highlight_state_targets: mod 943=Salamanca is a Iberian state - inten
_audit_gerdec.tsv	common/decisions/GER.txt	6754	962	GER_reichskommissariat_iberien highlight_state_targets: mod 962=Aveiro is a Iberian state - intended
_audit_gerdec.tsv	common/decisions/GER.txt	6757	999	GER_reichskommissariat_iberien highlight_state_targets: mod 999=Toledo is a Iberian state - intended
_audit_gerdec.tsv	common/decisions/GER.txt	6760	985	GER_reichskommissariat_iberien highlight_state_targets: mod 985=Coimbra is a Iberian state - intende
_audit_gerdec.tsv	common/decisions/GER.txt	6763	1042	GER_reichskommissariat_iberien highlight_state_targets: mod 1042=Lisboa is a Iberian state - intende
_audit_gerdec.tsv	common/decisions/GER.txt	6767	1035	GER_reichskommissariat_iberien highlight_state_targets: mod 1035=Badajoz is a Iberian state - intend
_audit_gerdec.tsv	common/decisions/GER.txt	6773	1072	GER_reichskommissariat_iberien highlight_state_targets: mod 1072=Beja is a Iberian state - intended 
_audit_gerdec.tsv	common/decisions/GER.txt	6984	458	GER_reichskommissariat_grossbritannien highlight_state_targets: mod 458=Cornwall is a British state 
_audit_gerdec.tsv	common/decisions/GER.txt	6990	453	GER_reichskommissariat_grossbritannien highlight_state_targets: mod 453=Hampshire is a British state
_audit_gerdec.tsv	common/decisions/GER.txt	6994	437	GER_reichskommissariat_grossbritannien highlight_state_targets: mod 437=Wiltshire is a British state
_audit_gerdec.tsv	common/decisions/GER.txt	7000	435	GER_reichskommissariat_grossbritannien highlight_state_targets: mod 435=Brent is a British state - i
_audit_gerdec.tsv	common/decisions/GER.txt	7004	416	GER_reichskommissariat_grossbritannien highlight_state_targets: mod 416=Hertfordshire is a British s
_audit_gerdec.tsv	common/decisions/GER.txt	7008	356	GER_reichskommissariat_grossbritannien highlight_state_targets: mod 356=Norfolk is a British state -
_audit_gerdec.tsv	common/decisions/GER.txt	7011	369	GER_reichskommissariat_grossbritannien highlight_state_targets: mod 369=Northamptonshire is a Britis
_audit_gerdec.tsv	common/decisions/GER.txt	7014	409	GER_reichskommissariat_grossbritannien highlight_state_targets: mod 409=Pembrokeshire is a British s
_audit_gerdec.tsv	common/decisions/GER.txt	7018	390	GER_reichskommissariat_grossbritannien highlight_state_targets: mod 390=Worcestershire is a British 
_audit_gerdec.tsv	common/decisions/GER.txt	7021	389	GER_reichskommissariat_grossbritannien highlight_state_targets: mod 389=Radnorshire is a British sta
_audit_gerdec.tsv	common/decisions/GER.txt	7024	313	GER_reichskommissariat_grossbritannien highlight_state_targets: mod 313=Lincolnshire is a British st
_audit_gerdec.tsv	common/decisions/GER.txt	7027	355	GER_reichskommissariat_grossbritannien highlight_state_targets: mod 355=Shropshire is a British stat
_audit_gerdec.tsv	common/decisions/GER.txt	7030	334	GER_reichskommissariat_grossbritannien highlight_state_targets: mod 334=Caernarvonshire is a British
_audit_gerdec.tsv	common/decisions/GER.txt	7034	325	GER_reichskommissariat_grossbritannien highlight_state_targets: mod 325=Derbyshire is a British stat
_audit_gerdec.tsv	common/decisions/GER.txt	7037	286	GER_reichskommissariat_grossbritannien highlight_state_targets: mod 286=West Riding is a British sta
_audit_gerdec.tsv	common/decisions/GER.txt	7040	269	GER_reichskommissariat_grossbritannien highlight_state_targets: mod 269=Westmorland is a British sta
_audit_gerdec.tsv	common/decisions/GER.txt	7044	237	GER_reichskommissariat_grossbritannien highlight_state_targets: mod 237=Roxburgh is a British state 
_audit_gerdec.tsv	common/decisions/GER.txt	7048	245	GER_reichskommissariat_grossbritannien highlight_state_targets: mod 245=Dumfries is a British state 
_audit_gerdec.tsv	common/decisions/GER.txt	7052	257	GER_reichskommissariat_grossbritannien highlight_state_targets: mod 257=Wigtown is a British state -
_audit_gerdec.tsv	common/decisions/GER.txt	7055	220	GER_reichskommissariat_grossbritannien highlight_state_targets: mod 220=West Lothian is a British st
_audit_gerdec.tsv	common/decisions/GER.txt	7059	210	GER_reichskommissariat_grossbritannien highlight_state_targets: mod 210=Stirling is a British state 
_audit_gerdec.tsv	common/decisions/GER.txt	7064	211	GER_reichskommissariat_grossbritannien highlight_state_targets: mod 211=Kinross is a British state -
_audit_gerdec.tsv	common/decisions/GER.txt	7067	193	GER_reichskommissariat_grossbritannien highlight_state_targets: mod 193=Angus is a British state - i
_audit_gerdec.tsv	common/decisions/GER.txt	7070	179	GER_reichskommissariat_grossbritannien highlight_state_targets: mod 179=Banff is a British state - i
_audit_gerdec.tsv	common/decisions/GER.txt	7273	248	GER_the_fate_of_the_irish_area highlight_state_targets: mod 248=Donegal is a Irish state - intended 
_audit_gerdec.tsv	common/decisions/GER.txt	7277	268	GER_the_fate_of_the_irish_area highlight_state_targets: mod 268=Down is a Irish state - intended geo
_audit_gerdec.tsv	common/decisions/GER.txt	7281	283	GER_the_fate_of_the_irish_area highlight_state_targets: mod 283=Monaghan is a Irish state - intended
_audit_gerdec.tsv	common/decisions/GER.txt	7284	296	GER_the_fate_of_the_irish_area highlight_state_targets: mod 296=Roscommon is a Irish state - intende
_audit_gerdec.tsv	common/decisions/GER.txt	7287	304	GER_the_fate_of_the_irish_area highlight_state_targets: mod 304=Meath is a Irish state - intended ge
_audit_gerdec.tsv	common/decisions/GER.txt	7290	321	GER_the_fate_of_the_irish_area highlight_state_targets: mod 321=Leitrim is a Irish state - intended 
_audit_gerdec.tsv	common/decisions/GER.txt	7294	343	GER_the_fate_of_the_irish_area highlight_state_targets: mod 343=Wicklow is a Irish state - intended 
_audit_gerdec.tsv	common/decisions/GER.txt	7297	349	GER_the_fate_of_the_irish_area highlight_state_targets: mod 349=Clare is a Irish state - intended ge
_audit_gerdec.tsv	common/decisions/GER.txt	7300	368	GER_the_fate_of_the_irish_area highlight_state_targets: mod 368=Wexford is a Irish state - intended 
_audit_gerdec.tsv	common/decisions/GER.txt	7303	394	GER_the_fate_of_the_irish_area highlight_state_targets: mod 394=Cork is a Irish state - intended geo
_audit_wuwger.tsv	events/WUW_Germany.txt	14851	546	wuw_GER_realpolitik.17.b Polish-state cession list is already in mod ids (280-Danzig,243-Srem,481-Ka
_audit_wuwger.tsv	events/WUW_Germany.txt	14976	82	wuw_GER_realpolitik.18 Polish-state cession list is already in mod ids (280-Danzig,243-Srem,481-Kato
_audit_wuwger.tsv	events/WUW_Germany.txt	15162	546	wuw_GER_realpolitik.19 Polish-state cession list is already in mod ids (280-Danzig,243-Srem,481-Kato
_audit_wuwger.tsv	events/WUW_Germany.txt	15235	82	wuw_GER_realpolitik.19 twin Polish-state cession list is already in mod ids (280-Danzig,243-Srem,481
_audit_wuwger.tsv	events/WUW_Germany.txt	16851	737	Hungarian-claims list in realpolitik.39/.40-sibling/.53/.54/.55/.56 is already in mod ids; mod 737=B
_audit_wuwger.tsv	events/WUW_Germany.txt	16949	737	Hungarian-claims list in realpolitik.39/.40-sibling/.53/.54/.55/.56 is already in mod ids; mod 737=B
_audit_wuwger.tsv	events/WUW_Germany.txt	18562	664	Hungarian-claims list in realpolitik.39/.40-sibling/.53/.54/.55/.56 is already in mod ids; mod 664=O
_audit_wuwger.tsv	events/WUW_Germany.txt	18639	664	Hungarian-claims list in realpolitik.39/.40-sibling/.53/.54/.55/.56 is already in mod ids; mod 664=O
_audit_wuwger.tsv	events/WUW_Germany.txt	18765	664	Hungarian-claims list in realpolitik.39/.40-sibling/.53/.54/.55/.56 is already in mod ids; mod 664=O
_audit_wuwger.tsv	events/WUW_Germany.txt	18842	664	Hungarian-claims list in realpolitik.39/.40-sibling/.53/.54/.55/.56 is already in mod ids; mod 664=O
_audit_wuwger.tsv	events/WUW_Germany.txt	18914	664	Hungarian-claims list in realpolitik.39/.40-sibling/.53/.54/.55/.56 is already in mod ids; mod 664=O