events\WUW_Germany.txt	2353	541	South West Africa	Tatra
events\WUW_Germany.txt	2370	546	Tanganyika	Tuchola
events\WUW_Germany.txt	2387	777	Togo	Bihac
events\WUW_Germany.txt	2404	893	Karas	Ceuta
events\WUW_Germany.txt	2421	894	Kuneme	Veles
events\WUW_Germany.txt	2438	895	Kavango	Balkan
events\WUW_Germany.txt	2468	541	South West Africa	Tatra
events\WUW_Germany.txt	2485	546	Tanganyika	Tuchola
events\WUW_Germany.txt	2502	777	Togo	Bihac
events\WUW_Germany.txt	2519	893	Karas	Ceuta
events\WUW_Germany.txt	2536	894	Kuneme	Veles
events\WUW_Germany.txt	2553	895	Kavango	Balkan
events\WUW_Germany.txt	2585	541	South West Africa	Tatra
events\WUW_Germany.txt	2602	546	Tanganyika	Tuchola
events\WUW_Germany.txt	2619	777	Togo	Bihac
events\WUW_Germany.txt	2636	893	Karas	Ceuta
events\WUW_Germany.txt	2653	894	Kuneme	Veles
events\WUW_Germany.txt	2670	895	Kavango	Balkan
events\WUW_Germany.txt	2702	541	South West Africa	Tatra
events\WUW_Germany.txt	2719	546	Tanganyika	Tuchola
events\WUW_Germany.txt	2736	777	Togo	Bihac
events\WUW_Germany.txt	2753	893	Karas	Ceuta
events\WUW_Germany.txt	2770	894	Kuneme	Veles
events\WUW_Germany.txt	2787	895	Kavango	Balkan
events\WUW_Germany.txt	4802	70	Slovakia	Soro
events\WUW_Germany.txt	4803	664	Southern Slovakia	Oradea
events\WUW_Germany.txt	4804	71	East Slovakia	Sor-Trondelag
events\WUW_Germany.txt	4805	73	Carpathian Ruthenia	Etela-Pohjanmaa
events\WUW_Germany.txt	4811	69	Sudatenland	nice
events\WUW_Germany.txt	4812	972	- South Sudetenland	Agcab@di
events\WUW_Germany.txt	4813	9	Czechoslovakia	Ontario
events\WUW_Germany.txt	4814	75	Moravia	More og Romsdal
events\WUW_Germany.txt	4815	74	East Sudatenland	Porajarvi
events\WUW_Germany.txt	4816	72	Zaolzie	Keski-Suomi
events\WUW_Germany.txt	4866	89	Krakow	Paijat-Hame
events\WUW_Germany.txt	4867	91	Tarnopol	Ventspils
events\WUW_Germany.txt	4868	93	Volhynian	Etela-Karjala
events\WUW_Germany.txt	4869	94	Polesie	Ilukste
events\WUW_Germany.txt	4870	95	Nowogrodek	Valmiera
events\WUW_Germany.txt	4871	96	Wilejka	Vologda
events\WUW_Germany.txt	4872	97	Bialystok	Perm
events\WUW_Germany.txt	4878	807	Gdynia	Gard
events\WUW_Germany.txt	4879	85	Danzig	Pirkanmaa
events\WUW_Germany.txt	4880	86	Poznan	Satakunta
events\WUW_Germany.txt	4881	87	Lodz	Jekabpils
events\WUW_Germany.txt	4882	88	Kielce	Kopparberg
events\WUW_Germany.txt	4883	90	Lwow	Faero
events\WUW_Germany.txt	4884	92	Lublin	Sogn og Fjordane
events\WUW_Germany.txt	4885	98	Mazurskie	Aland
events\WUW_Germany.txt	4886	10	Poland	New Hampshire
events\WUW_Germany.txt	4887	762	Katowice	Istria
events\WUW_Germany.txt	4961	70	Slovakia	Soro
events\WUW_Germany.txt	4962	664	Southern Slovakia	Oradea
events\WUW_Germany.txt	4963	71	East Slovakia	Sor-Trondelag
events\WUW_Germany.txt	4964	73	Carpathian Ruthenia	Etela-Pohjanmaa
events\WUW_Germany.txt	4975	89	Krakow	Paijat-Hame
events\WUW_Germany.txt	4976	91	Tarnopol	Ventspils
events\WUW_Germany.txt	4977	93	Volhynian	Etela-Karjala
events\WUW_Germany.txt	4978	94	Polesie	Ilukste
events\WUW_Germany.txt	4979	95	Nowogrodek	Valmiera
events\WUW_Germany.txt	4980	96	Wilejka	Vologda
events\WUW_Germany.txt	4981	97	Bialystok	Perm
events\WUW_Germany.txt	8262	251	Samara	Kaluga
events\WUW_Germany.txt	8279	251	Samara	Kaluga
events\WUW_Germany.txt	8554	722	Petsamo	Baranya
events\WUW_Germany.txt	8555	147	Salla	Vest-Agder
events\WUW_Germany.txt	8556	146	Karelia	Saaremaa
events\WUW_Germany.txt	8557	929	Oulu	Drama
events\WUW_Germany.txt	9290	155	Western Hungary	Parnu
events\WUW_Germany.txt	9291	43	Hungary	Delaware
events\WUW_Germany.txt	10438	645	Iwo Jima	Tours
events\WUW_Germany.txt	10439	629	Hawaii	Campulung
events\WUW_Germany.txt	10440	650	Attu Island	Bourges
events\WUW_Germany.txt	10441	631	Midway Island	Hajdu
events\WUW_Germany.txt	11663	66	Niederschlesien	Vasternorrland
events\WUW_Germany.txt	11674	67	Oberschlesien	Kuldiga
events\WUW_Germany.txt	11685	762	Katowice	Istria
events\WUW_Germany.txt	11696	74	East Sudatenland	Porajarvi
events\WUW_Germany.txt	11761	66	Niederschlesien	Vasternorrland
events\WUW_Germany.txt	11762	67	Oberschlesien	Kuldiga
events\WUW_Germany.txt	11763	762	Katowice	Istria
events\WUW_Germany.txt	11764	74	East Sudatenland	Porajarvi
events\WUW_Germany.txt	11781	66	Niederschlesien	Vasternorrland
events\WUW_Germany.txt	11782	67	Oberschlesien	Kuldiga
events\WUW_Germany.txt	11783	762	Katowice	Istria
events\WUW_Germany.txt	11784	74	East Sudatenland	Porajarvi
events\WUW_Germany.txt	11797	66	Niederschlesien	Vasternorrland
events\WUW_Germany.txt	11798	67	Oberschlesien	Kuldiga
events\WUW_Germany.txt	11799	762	Katowice	Istria
events\WUW_Germany.txt	11800	74	East Sudatenland	Porajarvi
events\WUW_Germany.txt	11856	61	Mecklenburg	Pudozh
events\WUW_Germany.txt	11869	60	Sud-Hannover	Prince Edward Island
events\WUW_Germany.txt	11882	65	Sachsen	Pohjois-Savo
events\WUW_Germany.txt	12428	224	Bryansk	Berwick
events\WUW_Germany.txt	12429	220	Kursk Area	West Lothian
events\WUW_Germany.txt	12430	222	Orel	Renfrew
events\WUW_Germany.txt	12512	224	Bryansk	Berwick
events\WUW_Germany.txt	12513	220	Kursk Area	West Lothian
events\WUW_Germany.txt	12514	222	Orel	Renfrew
events\WUW_Germany.txt	12594	224	Bryansk	Berwick
events\WUW_Germany.txt	12595	220	Kursk Area	West Lothian
events\WUW_Germany.txt	12596	222	Orel	Renfrew
events\WUW_Germany.txt	12737	107	Kosavo	Mazeikiu
events\WUW_Germany.txt	12738	108	Eastern Serbia	Kirov
events\WUW_Germany.txt	14851	546	Tanganyika	Tuchola
events\WUW_Germany.txt	14865	82	Banat	Chodziez
events\WUW_Germany.txt	14962	546	Tanganyika	Tuchola
events\WUW_Germany.txt	14976	82	Banat	Chodziez
events\WUW_Germany.txt	15016	546	Tanganyika	Tuchola
events\WUW_Germany.txt	15030	82	Banat	Chodziez
events\WUW_Germany.txt	15162	546	Tanganyika	Tuchola
events\WUW_Germany.txt	15175	82	Banat	Chodziez
events\WUW_Germany.txt	15224	546	Tanganyika	Tuchola
events\WUW_Germany.txt	15235	82	Banat	Chodziez
events\WUW_Germany.txt	15772	676	Mosul	Zala
events\WUW_Germany.txt	15773	675	Al Hajara	Poitiers
events\WUW_Germany.txt	15774	291	Iraq	Cavan
events\WUW_Germany.txt	15775	680	Deir-az-Zur	Mures
events\WUW_Germany.txt	15776	677	Aleppo	Bekes
events\WUW_Germany.txt	15777	799	Hatay	Basses-Alpes
events\WUW_Germany.txt	15778	554	Syria	Passau
events\WUW_Germany.txt	15779	553	Lebanon	Heilbronn
events\WUW_Germany.txt	15780	455	Jordan	Oost-Vlaanderen
events\WUW_Germany.txt	15781	454	Israel	West-Vlaanderen
events\WUW_Germany.txt	15782	855	Tabuk	Saint-Girons
events\WUW_Germany.txt	15783	679	Hejaz	Lienz
events\WUW_Germany.txt	15784	856	Asir-Makkah	Samegrelo
events\WUW_Germany.txt	15785	293	Yemen	Lancashire
events\WUW_Germany.txt	15786	453	Sinai	Hampshire
events\WUW_Germany.txt	15911	676	Mosul	Zala
events\WUW_Germany.txt	15912	675	Al Hajara	Poitiers
events\WUW_Germany.txt	15913	291	Iraq	Cavan
events\WUW_Germany.txt	15914	680	Deir-az-Zur	Mures
events\WUW_Germany.txt	15915	677	Aleppo	Bekes
events\WUW_Germany.txt	15916	799	Hatay	Basses-Alpes
events\WUW_Germany.txt	15917	554	Syria	Passau
events\WUW_Germany.txt	15918	553	Lebanon	Heilbronn
events\WUW_Germany.txt	15919	455	Jordan	Oost-Vlaanderen
events\WUW_Germany.txt	15920	454	Israel	West-Vlaanderen
events\WUW_Germany.txt	15921	855	Tabuk	Saint-Girons
events\WUW_Germany.txt	15922	679	Hejaz	Lienz
events\WUW_Germany.txt	15923	856	Asir-Makkah	Samegrelo
events\WUW_Germany.txt	15924	293	Yemen	Lancashire
events\WUW_Germany.txt	15925	453	Sinai	Hampshire
events\WUW_Germany.txt	16815	664	Southern Slovakia	Oradea
events\WUW_Germany.txt	16830	680	Deir-az-Zur	Mures
events\WUW_Germany.txt	16851	737	New Britain	Brasov
events\WUW_Germany.txt	16913	664	Southern Slovakia	Oradea
events\WUW_Germany.txt	16928	680	Deir-az-Zur	Mures
events\WUW_Germany.txt	16949	737	New Britain	Brasov
events\WUW_Germany.txt	17061	664	Southern Slovakia	Oradea
events\WUW_Germany.txt	17062	73	Carpathian Ruthenia	Etela-Pohjanmaa
events\WUW_Germany.txt	17063	76	Northern Transylvania	Randers
events\WUW_Germany.txt	17064	84	Transylvania	Gavleborg
events\WUW_Germany.txt	17065	83	crisana	Oppland
events\WUW_Germany.txt	17066	82	Banat	Chodziez
events\WUW_Germany.txt	17067	45	Yugoslavia	Vasterbotten
events\WUW_Germany.txt	17068	975	- Burgenland	Gumushane
events\WUW_Germany.txt	17083	664	Southern Slovakia	Oradea
events\WUW_Germany.txt	17084	73	Carpathian Ruthenia	Etela-Pohjanmaa
events\WUW_Germany.txt	17085	76	Northern Transylvania	Randers
events\WUW_Germany.txt	17086	84	Transylvania	Gavleborg
events\WUW_Germany.txt	17087	83	crisana	Oppland
events\WUW_Germany.txt	17088	82	Banat	Chodziez
events\WUW_Germany.txt	17089	45	Yugoslavia	Vasterbotten
events\WUW_Germany.txt	17090	975	- Burgenland	Gumushane
events\WUW_Germany.txt	17519	102	North-Eastern Slovenia	Volkhov
events\WUW_Germany.txt	17520	853	Ljubljana	Sinjajevina
events\WUW_Germany.txt	17521	103	Croatia	Kanta-Hame
events\WUW_Germany.txt	17522	104	Bosnia	Haderslev
events\WUW_Germany.txt	17523	804	Herzegovina	Teleorman
events\WUW_Germany.txt	17524	109	Eastern Croatia	Varsinais-Suomi
events\WUW_Germany.txt	17525	155	Western Hungary	Parnu
events\WUW_Germany.txt	17526	43	Hungary	Delaware
events\WUW_Germany.txt	17527	973	- Bacs	Erzurum
events\WUW_Germany.txt	17528	974	- South Transdanubia	Castellon
events\WUW_Germany.txt	17529	154	Southern plain	Tver
events\WUW_Germany.txt	18534	680	Deir-az-Zur	Mures
events\WUW_Germany.txt	18548	737	New Britain	Brasov
events\WUW_Germany.txt	18562	664	Southern Slovakia	Oradea
events\WUW_Germany.txt	18611	680	Deir-az-Zur	Mures
events\WUW_Germany.txt	18625	737	New Britain	Brasov
events\WUW_Germany.txt	18639	664	Southern Slovakia	Oradea
events\WUW_Germany.txt	18737	680	Deir-az-Zur	Mures
events\WUW_Germany.txt	18751	737	New Britain	Brasov
events\WUW_Germany.txt	18765	664	Southern Slovakia	Oradea
events\WUW_Germany.txt	18814	680	Deir-az-Zur	Mures
events\WUW_Germany.txt	18828	737	New Britain	Brasov
events\WUW_Germany.txt	18842	664	Southern Slovakia	Oradea
events\WUW_Germany.txt	18886	680	Deir-az-Zur	Mures
events\WUW_Germany.txt	18900	737	New Britain	Brasov
events\WUW_Germany.txt	18914	664	Southern Slovakia	Oradea
events\WUW_Germany.txt	19236	64	Brandenburg	Newfoundland
events\WUW_Germany.txt	19239	64	Brandenburg	Newfoundland
events\WUW_Germany.txt	19248	64	Brandenburg	Newfoundland
events\WUW_Germany.txt	19271	52	Wuttemberg	Segezha
events\WUW_Germany.txt	19274	52	Wuttemberg	Segezha
events\WUW_Germany.txt	19283	52	Wuttemberg	Segezha
events\WUW_Germany.txt	19306	55	Nassau	Rhode Island
events\WUW_Germany.txt	19309	55	Nassau	Rhode Island
events\WUW_Germany.txt	19318	55	Nassau	Rhode Island
