1562	[537]
1643	[537]
1668	[1763]
1693	[589]
1718	[1764]
1752	[2340]
1765	[524]
1796	[537]
1822	[2337]
1991	[134]
2018	[151]
2045	[2441]
2066	[2436]
2105	[2181]
2126	[2177]
2159	[215]
2192	[2168]
2225	[2164]
2246	[2163]
2273	[2160]
2306	[278]
2327	[2156]
2354	[2157]
2387	[340]
2408	[2137]
2429	[2743]
2456	[2140]
2489	[2132]
2510	[2068]
2531	[2055]
2564	[2081]
2591	[2058]
2624	[2067]
2681	[2684]
2702	[2074]
2723	[559]
2744	[2076]
2777	[2079]
2816	[2078]
2843	[623]
2870	[2091]
2897	[2091]
2933	[2082]
2953	[2310]
3009	[1822]
3040	[1822]
3069	[1822]
3088	[1822]
3142	[2572]
3143	[1705]
3144	[1709]
3145	[1720]
3147	[2961]
3161	[2975]
3190	[2572]
3191	[1705]
3192	[1709]
3193	[1720]
3194	[2421]
3195	[2961]
3196	[246]
3197	[228]
3198	[197]
3199	[181]
3200	[144]
3201	[140]
3202	[322]
3203	[314]
3209	[2975]
3237	[2572]
3238	[1705]
3239	[1709]
3240	[1720]
3241	[2421]
3242	[2961]
3243	[246]
3244	[228]
3245	[197]
3246	[181]
3247	[144]
3248	[140]
3249	[322]
3250	[314]
3255	[2975]
3256	[2658]
3277	[2572]
3278	[1705]
3279	[1709]
3280	[1720]
3281	[2421]
3282	[2961]
3283	[246]
3284	[228]
3285	[197]
3286	[181]
3287	[144]
3288	[140]
3289	[322]
3290	[314]
3295	[2975]
3296	[2658]
3297	[383]
3298	[364]
3362	[2920]
3401	[871]
3402	[2920]
3439	[871]
3440	[2920]
3467	[871]
3468	[2920]
3529	[1103]
3530	[1083]
3531	[1086]
3533	[1823]
3561	[893]
3562	[1103]
3563	[1083]
3564	[1086]
3565	[1057]
3566	[1823]
3567	[1852]
3610	[893]
3611	[1103]
3612	[1083]
3613	[1086]
3614	[1057]
3615	[1823]
3616	[1852]
3657	[893]
3658	[1103]
3659	[1083]
3660	[1086]
3661	[1057]
3662	[1823]
3663	[1852]
3694	[893]
3695	[1103]
3696	[1083]
3697	[1086]
3698	[1057]
3699	[1823]
3700	[1852]
3820	[1448]
3821	[1460]
3840	[1448]
3841	[1460]
3856	[1449]
3862	[1449]
3875	[661]
3881	[661]
3891	[661]
3901	[661]
3913	[669]
3919	[669]
3931	[647]
3937	[647]
3947	[647]
3959	[643]
3965	[643]
3975	[643]
3987	[1792]
3993	[1792]
4003	[1792]
4015	[567]
4020	[2432]
4025	[644]
4031	[644]
4043	[679]
4049	[679]
4059	[679]
4071	[1797]
4077	[1797]
4087	[1797]
4097	[1797]
4241	[219]
4251	[195]
4261	[202]
4271	[217]
4345	[22]
4424	[2701]
4425	[4]
4426	[2712]
4427	[13]
4428	[2700]
4429	[2702]
4430	[2703]
4431	[25]
4432	[53]
4433	[71]
4434	[75]
4435	[78]
4436	[92]
4437	[83]
4438	[111]
4439	[128]
4440	[106]
4441	[123]
4442	[132]
4443	[147]
4444	[131]
4445	[118]
4446	[124]
4447	[129]
4448	[1822]
4454	[2701]
4455	[4]
4456	[2712]
4458	[2700]
4459	[2702]
4460	[2703]
4461	[25]
4462	[1783]
4463	[2661]
4464	[532]
4466	[92]
4468	[111]
4473	[147]
4476	[124]
4478	[1822]
4496	[124]
4517	[124]
4529	[124]
4584	[2344]
4585	[1974]
4586	[451]
4587	[2713]
4588	[2717]
4589	[432]
4590	[479]
4591	[2845]
4592	[2331]
4593	[2875]
4594	[1317]
4595	[1319]
4596	[2332]
4597	[331]
4598	[346]
4599	[336]
4600	[364]
4601	[383]
4602	[399]
4603	[402]
4604	[358]
4610	[2344]
4611	[1974]
4613	[2713]
4614	[2717]
4617	[2845]
4618	[2331]
4619	[2875]
4620	[1317]
4621	[1319]
4622	[2332]
4626	[364]
4627	[383]
4628	[2658]
4659	[358]
4690	[358]
4704	[358]
4770	[2368]
4771	[500]
4772	[2370]
4773	[2369]
4774	[480]
4775	[456]
4776	[487]
4777	[444]
4778	[470]
4779	[2969]
4780	[422]
4781	[482]
4782	[466]
4783	[455]
4784	[454]
4785	[1342]
4786	[2333]
4787	[1324]
4788	[2874]
4789	[472]
4796	[2368]
4798	[2370]
4799	[2369]
4805	[2969]
4811	[1342]
4812	[2333]
4813	[1324]
4814	[2874]
4833	[470]
4854	[470]
4866	[470]
4919	[259]
4920	[1178]
4921	[274]
4922	[1104]
4923	[238]
4924	[101]
4925	[2371]
4926	[1246]
4927	[242]
4928	[275]
4929	[208]
4930	[205]
4931	[1339]
4932	[206]
4933	[244]
4934	[207]
4935	[174]
4936	[107]
4937	[1344]
4938	[67]
4939	[2773]
4940	[91]
4941	[1345]
4942	[188]
4943	[196]
4944	[1280]
4945	[2775]
4946	[1346]
4947	[1352]
4948	[307]
4949	[231]
4950	[1304]
4951	[241]
4952	[1135]
4953	[2317]
4954	[292]
4955	[1250]
4956	[1225]
4957	[2134]
4958	[2161]
4959	[2135]
4960	[1198]
4961	[1106]
4962	[1000]
4963	[2136]
4964	[2697]
4965	[232]
4966	[1329]
4967	[225]
4968	[236]
4969	[1151]
4970	[2523]
4971	[1309]
4972	[94]
4973	[1296]
4974	[2774]
4975	[87]
4976	[1348]
4977	[2541]
4978	[2170]
4979	[2720]
4980	[172]
4981	[2772]
4982	[1349]
4983	[185]
4984	[170]
4985	[1350]
4986	[1351]
4987	[112]
4988	[95]
4989	[1347]
4990	[2943]
4991	[2791]
4992	[165]
4993	[173]
4994	[166]
4995	[155]
4996	[152]
4997	[156]
4998	[146]
4999	[145]
5000	[157]
5001	[133]
5002	[143]
5003	[134]
5004	[137]
5050	[1178]
5052	[1104]
5055	[2371]
5056	[1246]
5061	[1339]
5064	[207]
5067	[1344]
5068	[1658]
5069	[2773]
5070	[1292]
5071	[1345]
5072	[227]
5074	[1280]
5075	[2775]
5076	[1346]
5077	[1352]
5080	[1304]
5081	[241]
5082	[1135]
5083	[2317]
5085	[1250]
5086	[1225]
5087	[2134]
5088	[2161]
5089	[2135]
5090	[1198]
5091	[1106]
5093	[2136]
5094	[2697]
5096	[1329]
5099	[1151]
5100	[2523]
5101	[1309]
5103	[1296]
5104	[2774]
5105	[87]
5106	[1348]
5107	[2541]
5108	[2170]
5109	[2720]
5111	[2772]
5112	[1349]
5115	[1350]
5116	[1351]
5119	[1347]
5120	[2943]
5121	[2791]
5126	[152]
5127	[156]
5128	[146]
5129	[145]
5130	[157]
5143	[172]
5164	[172]
5176	[172]
5260	[2081]
5282	[2081]
5295	[2081]
5351	[2051]
5352	[2052]
5353	[565]
5354	[2050]
5355	[2038]
5356	[2681]
5357	[2683]
5358	[2061]
5359	[2682]
5360	[617]
5361	[2046]
5362	[2045]
5363	[618]
5364	[613]
5365	[2063]
5366	[2047]
5374	[2051]
5375	[2052]
5377	[2050]
5378	[2038]
5379	[2681]
5380	[2683]
5381	[2061]
5382	[2682]
5384	[2046]
5385	[2045]
5388	[2063]
5389	[2047]
5466	[2291]
5467	[2918]
5468	[2917]
5469	[2294]
5470	[2295]
5471	[2292]
5472	[968]
5473	[966]
5474	[972]
5475	[2293]
5476	[918]
5477	[917]
5478	[1020]
5479	[2266]
5480	[993]
5481	[997]
5482	[2267]
5483	[2281]
5484	[1019]
5485	[998]
5486	[1023]
5487	[1014]
5488	[2280]
5489	[2284]
5490	[1005]
5491	[977]
5492	[978]
5493	[2265]
5494	[976]
5495	[2263]
5496	[2264]
5497	[2283]
5498	[961]
5499	[946]
5500	[2285]
5501	[2286]
5502	[936]
5503	[2287]
5504	[2297]
5505	[2298]
5506	[889]
5507	[2274]
5508	[2277]
5509	[2271]
5510	[2288]
5511	[2289]
5512	[2296]
5513	[2402]
5514	[879]
5515	[919]
5516	[2290]
5517	[914]
5518	[916]
5519	[2270]
5520	[899]
5521	[890]
5522	[856]
5523	[869]
5524	[2269]
5525	[2273]
5526	[886]
5527	[784]
5528	[2278]
5529	[2279]
5530	[1028]
5531	[2275]
5532	[2491]
5533	[843]
5534	[832]
5535	[2401]
5536	[821]
5537	[2488]
5538	[2490]
5539	[2489]
5540	[2272]
5541	[841]
5542	[2276]
5543	[763]
5544	[2399]
5545	[2400]
5546	[2504]
5547	[2503]
5548	[2870]
5549	[2869]
5550	[2414]
5551	[2505]
5552	[2492]
5553	[2403]
5554	[2487]
5555	[2868]
5556	[826]
5557	[2413]
5558	[2506]
5559	[2508]
5560	[732]
5561	[2867]
5562	[806]
5563	[2404]
5564	[2507]
5565	[2872]
5566	[2486]
5567	[2499]
5568	[2405]
5569	[2866]
5570	[2498]
5571	[2282]
5572	[778]
5573	[2398]
5574	[2408]
5575	[2502]
5576	[2865]
5577	[2864]
5578	[2693]
5579	[2694]
5580	[2406]
5581	[2407]
5582	[2695]
5583	[2493]
5584	[696]
5585	[2500]
5586	[2501]
5587	[2863]
5588	[2409]
5589	[2862]
5590	[997]
5597	[2291]
5598	[2918]
5599	[2917]
5600	[2294]
5601	[2295]
5602	[2292]
5605	[972]
5606	[2293]
5607	[918]
5608	[917]
5610	[2266]
5613	[2267]
5614	[2281]
5619	[2280]
5620	[2284]
5622	[977]
5623	[978]
5624	[2265]
5625	[681]
5626	[2263]
5627	[2264]
5628	[2283]
5631	[2285]
5632	[2286]
5634	[2287]
5635	[2297]
5636	[2298]
5638	[2274]
5639	[2277]
5640	[2271]
5641	[2288]
5642	[2289]
5643	[2296]
5644	[2402]
5645	[879]
5646	[919]
5647	[2290]
5648	[914]
5649	[916]
5650	[2270]
5651	[899]
5655	[2269]
5656	[2273]
5659	[2278]
5660	[2279]
5662	[2275]
5663	[2491]
5666	[2401]
5668	[2488]
5669	[2490]
5670	[2489]
5671	[2272]
5673	[2276]
5674	[763]
5675	[2399]
5676	[2400]
5677	[2504]
5678	[2503]
5679	[2870]
5680	[2869]
5681	[2414]
5682	[2505]
5683	[2492]
5684	[2403]
5685	[2487]
5686	[2868]
5688	[2413]
5689	[2506]
5690	[2508]
5692	[2867]
5694	[2404]
5695	[2507]
5696	[2872]
5697	[2486]
5698	[2499]
5699	[2405]
5700	[2866]
5701	[2498]
5702	[2282]
5704	[2398]
5705	[2408]
5706	[2502]
5707	[2865]
5708	[2864]
5709	[2693]
5710	[2694]
5711	[2406]
5712	[2407]
5713	[2695]
5714	[2493]
5715	[696]
5716	[2500]
5717	[2501]
5718	[2863]
5719	[2409]
5720	[2862]
5721	[997]
5737	[2292]
5758	[2292]
5770	[2292]
5824	[2759]
5825	[2545]
5826	[1006]
5827	[895]
5828	[2760]
5829	[2761]
5830	[2758]
5831	[891]
5832	[2762]
5833	[761]
5834	[716]
5835	[2763]
5836	[2470]
5837	[2789]
5838	[2788]
5839	[464]
5840	[2624]
5841	[2628]
5842	[561]
5849	[2759]
5850	[2545]
5853	[2760]
5854	[2761]
5855	[2758]
5857	[2762]
5860	[2763]
5861	[2470]
5862	[2789]
5863	[2788]
5865	[2624]
5866	[2628]
5883	[1006]
5904	[1006]
5916	[1006]
5962	[2589]
5976	[2589]
5983	[2589]
6331	[2692]
6332	[407]
6333	[1119]
6334	[1219]
6335	[421]
6336	[370]
6337	[508]
6338	[1981]
6339	[2928]
6340	[982]
6341	[2931]
6342	[1157]
6343	[1080]
6344	[429]
6345	[867]
6346	[827]
6347	[1070]
6348	[1131]
6349	[377]
6350	[1002]
6351	[902]
6352	[2312]
6353	[1162]
6354	[496]
6355	[484]
6356	[46]
6357	[836]
6358	[2318]
6359	[491]
6360	[2880]
6361	[923]
6362	[2347]
6363	[1233]
6364	[351]
6365	[2927]
6380	[2692]
6381	[1119]
6382	[1219]
6386	[1981]
6387	[2928]
6389	[1223]
6390	[2931]
6391	[1157]
6397	[1131]
6401	[2312]
6402	[1162]
6407	[2318]
6409	[2880]
6411	[2347]
6413	[2927]
6422	[1157]
6443	[1157]
6452	[1157]
6509	[1223]
6510	[2346]
6511	[490]
6512	[2345]
6513	[1265]
6514	[2336]
6515	[1292]
6516	[1293]
6517	[1272]
6518	[1294]
6519	[1270]
6520	[502]
6521	[1164]
6522	[542]
6523	[1143]
6524	[2347]
6525	[1233]
6526	[501]
6527	[1258]
6533	[2346]
6535	[2345]
6536	[1265]
6537	[2336]
6538	[1292]
6539	[1293]
6540	[1272]
6541	[1294]
6542	[1270]
6544	[1164]
6546	[1143]
6547	[2347]
6548	[2345]
6549	[1233]
6551	[1258]
6635	[2966]
6636	[892]
6637	[896]
6638	[875]
6639	[927]
6640	[2328]
6641	[870]
6642	[854]
6643	[880]
6644	[851]
6645	[860]
6646	[849]
6647	[848]
6648	[974]
6649	[939]
6650	[2327]
6651	[859]
6652	[883]
6653	[901]
6654	[940]
6655	[864]
6656	[897]
6657	[926]
6658	[857]
6659	[837]
6660	[833]
6661	[830]
6662	[874]
6663	[887]
6664	[903]
6665	[898]
6666	[1007]
6667	[980]
6668	[951]
6669	[922]
6670	[915]
6671	[911]
6672	[935]
6673	[950]
6674	[943]
6675	[954]
6676	[947]
6677	[962]
6678	[1056]
6679	[1037]
6680	[999]
6681	[987]
6682	[990]
6683	[985]
6684	[1010]
6685	[1021]
6686	[1042]
6687	[1026]
6688	[1057]
6689	[1029]
6690	[1035]
6691	[2778]
6692	[1053]
6693	[847]
6694	[1058]
6695	[1063]
6696	[1072]
6697	[1096]
6698	[1078]
6699	[1079]
6700	[1086]
6701	[1083]
6702	[1103]
6703	[1115]
6704	[882]
6705	[2779]
6712	[2966]
6716	[927]
6717	[2328]
6720	[880]
6721	[851]
6723	[849]
6724	[848]
6727	[2327]
6734	[926]
6737	[833]
6742	[898]
6744	[980]
6748	[911]
6765	[1057]
6768	[2778]
6770	[847]
6771	[1058]
6774	[1096]
6775	[1078]
6777	[1086]
6778	[1083]
6779	[1103]
6780	[1115]
6782	[2779]
6800	[951]
6820	[951]
6829	[951]
6884	[458]
6885	[2959]
6886	[1535]
6887	[445]
6888	[468]
6889	[2958]
6890	[453]
6891	[462]
6892	[446]
6893	[447]
6894	[437]
6895	[410]
6896	[428]
6897	[2476]
6898	[2478]
6899	[2475]
6900	[435]
6901	[2477]
6902	[408]
6903	[405]
6904	[416]
6905	[413]
6906	[403]
6907	[386]
6908	[356]
6909	[372]
6910	[379]
6911	[369]
6912	[419]
6913	[426]
6914	[409]
6915	[406]
6916	[401]
6917	[396]
6918	[390]
6919	[374]
6920	[380]
6921	[389]
6922	[357]
6923	[375]
6924	[313]
6925	[328]
6926	[344]
6927	[355]
6928	[362]
6929	[354]
6930	[334]
6931	[341]
6932	[342]
6933	[338]
6934	[325]
6935	[324]
6936	[293]
6937	[286]
6938	[290]
6939	[271]
6940	[269]
6941	[256]
6942	[258]
6943	[234]
6944	[237]
6945	[224]
6946	[217]
6947	[221]
6948	[245]
6949	[239]
6950	[233]
6951	[249]
6952	[257]
6953	[230]
6954	[219]
6955	[220]
6956	[222]
6957	[126]
6958	[213]
6959	[210]
6960	[192]
6961	[199]
6962	[2780]
6963	[214]
6964	[211]
6965	[204]
6966	[194]
6967	[193]
6968	[191]
6969	[180]
6970	[179]
6971	[176]
6972	[182]
6973	[183]
6974	[2781]
6975	[169]
6976	[161]
6977	[158]
6978	[187]
6985	[2959]
6986	[1535]
6989	[2958]
6992	[446]
6997	[2476]
6998	[2478]
6999	[2475]
7001	[2477]
7006	[403]
7016	[2429]
7031	[341]
7041	[2421]
7046	[457]
7051	[2646]
7058	[19]
7062	[2780]
7063	[41]
7072	[182]
7073	[183]
7074	[2781]
7076	[161]
7077	[158]
7078	[187]
7110	[2475]
7141	[2475]
7155	[2475]
7236	[248]
7237	[253]
7238	[254]
7239	[262]
7240	[268]
7241	[272]
7242	[276]
7243	[279]
7244	[283]
7245	[288]
7246	[291]
7247	[296]
7248	[297]
7249	[302]
7250	[304]
7251	[308]
7252	[317]
7253	[321]
7254	[320]
7255	[333]
7256	[337]
7257	[343]
7258	[345]
7259	[348]
7260	[349]
7261	[360]
7262	[361]
7263	[368]
7264	[371]
7265	[378]
7266	[394]
7267	[395]
7276	[262]
7278	[272]
7293	[337]
8723	[72]
8731	[71]
8740	[72]
8751	[71]
8765	[70]
8774	[70]
8788	[73]
8796	[664]
8805	[73]
8816	[664]
9740	[912]
9743	[912]
12440	[485]
12451	[2969]
12558	[358]
13306	[2969]
13309	[1974]
13310	[485]
13321	[2969]
13323	[1974]
13324	[485]
13406	[2969]
13408	[1974]
13409	[485]
13414	[485]
13419	[1974]
15107	[696]
15169	[2589]
15170	[2429]
15231	[2763]
15232	[2471]
