373	[252]
376	[1707]
387	[252]
391	[252]
395	[1707]
399	[1707]
579	[1749]
591	[1749]
599	[1749]
616	[1749]
671	[909]
675	[909]
679	[61]
683	[61]
687	[62]
691	[62]
695	[63]
699	[63]
703	[5]
707	[5]
732	[352]
735	[1771]
747	[352]
751	[352]
755	[1771]
759	[1771]
1090	[252]
1100	[2342]
1111	[1790]
1121	[1771]
1131	[556]
1141	[1765]
1152	[1746]
1162	[1751]
1172	[431]
1182	[1749]
1193	[1738]
1203	[1714]
1213	[1707]
1223	[1702]
1234	[1704]
1244	[1778]
1254	[1674]
1264	[476]
1275	[1673]
1285	[1650]
1295	[1631]
1305	[1663]
1316	[1654]
1340	[1749]
1351	[1749]
1358	[1749]
1368	[1749]
1374	[20738]
1446	[11719]
1453	[1726]
1461	[1726]
1491	[1726]
1499	[1726]
1540	[1790]
1543	[1784]
1546	[1768]
1549	[1771]
1552	[644]
1555	[1810]
1558	[1817]
1561	[582]
1576	[1790]
1581	[1790]
1591	[1784]
1596	[1784]
1606	[1768]
1611	[1768]
1621	[41771]
1626	[1771]
1636	[644]
1641	[644]
1651	[1810]
1656	[1810]
1666	[1817]
1671	[1817]
1681	[582]
1686	[582]
1709	[280]
1712	[267]
1715	[1625]
1718	[1611]
1733	[280]
1738	[280]
1748	[267]
1753	[267]
1763	[1625]
1768	[1625]
1778	[1611]
1783	[1611]
1794	[63]
1797	[807]
1800	[85]
1834	[1744]
2052	[392]
2340	[418]
2455	[433]
2548	[418]
3709	[1778]
3716	[1778]
4125	[1751]
4135	[1751]
4254	[1651]
5138	[392]
6066	[925]
6069	[924]
6072	[144]
6075	[923]
6078	[143]
6081	[142]
6084	[922]
6087	[123]
6090	[110]
6093	[915]
6096	[140]
6099	[99]
6102	[912]
6105	[36]
6108	[7]
6111	[35]
6114	[6]
6117	[29]
6120	[785]
6123	[15]
6126	[14]
6370	[392]
6652	[314]
6656	[314]
6982	[280]
7511	[583]
7514	[2985]
7517	[760]
7605	[914]
7608	[100]
7611	[101]
7614	[337]
7617	[933]
7620	[134]
7623	[119]
7626	[178]
7629	[698]
7632	[696]
7635	[697]
7638	[702]
8313	[1763]
8314	[589]
8315	[1766]
8316	[1764]
8317	[2583]
8318	[556]
8319	[1765]
8320	[1747]
8321	[516]
8322	[1744]
8323	[1746]
8324	[2580]
8325	[474]
8326	[1745]
8327	[483]
8328	[475]
8329	[465]
8330	[431]
8331	[2584]
8332	[1749]
8333	[424]
8334	[1730]
8335	[1748]
8336	[423]
8337	[1750]
8338	[2718]
8339	[2338]
8340	[1751]
8341	[460]
8342	[2339]
8343	[477]
8344	[469]
8345	[503]
8346	[1752]
8347	[488]
8348	[1753]
8349	[2337]
8350	[537]
8351	[2343]
8352	[1758]
8353	[1760]
8354	[506]
8355	[1756]
8356	[521]
8357	[1757]
8358	[524]
8359	[2340]
8360	[2719]
8369	[1763]
8370	[589]
8371	[1766]
8372	[1764]
8373	[2583]
8374	[556]
8375	[1765]
8376	[1747]
8377	[516]
8378	[1744]
8379	[1746]
8380	[2580]
8381	[474]
8382	[1745]
8383	[483]
8384	[475]
8385	[465]
8386	[431]
8387	[2584]
8388	[1749]
8389	[424]
8390	[1730]
8391	[1748]
8392	[423]
8393	[1750]
8394	[2718]
8395	[2338]
8396	[1751]
8397	[460]
8398	[2339]
8399	[477]
8400	[469]
8401	[503]
8402	[1752]
8403	[488]
8404	[1753]
8405	[2337]
8406	[537]
8407	[2343]
8408	[1758]
8409	[1760]
8410	[506]
8411	[1756]
8412	[521]
8413	[1757]
8414	[524]
8415	[2340]
8416	[2719]
8431	[1763]
8432	[589]
8433	[1766]
8434	[1764]
8435	[2583]
8436	[556]
8437	[1765]
8438	[1747]
8439	[516]
8440	[1744]
8441	[1746]
8442	[2580]
8443	[474]
8444	[1745]
8445	[483]
8446	[475]
8447	[465]
8448	[431]
8449	[2584]
8450	[1749]
8451	[424]
8452	[1730]
8453	[1748]
8454	[423]
8455	[1750]
8456	[2718]
8457	[2338]
8458	[1751]
8459	[460]
8460	[2339]
8461	[477]
8462	[469]
8463	[503]
8464	[1752]
8465	[488]
8466	[1753]
8467	[2337]
8468	[537]
8469	[2343]
8470	[1758]
8471	[1760]
8472	[506]
8473	[1756]
8474	[521]
8475	[1757]
8476	[524]
8477	[2340]
8478	[2719]
9124	[1433]
9125	[1432]
9126	[1431]
9127	[1430]
9128	[522]
9129	[498]
9130	[1434]
9131	[471]
9132	[473]
9133	[1435]
9134	[1428]
9135	[499]
9136	[504]
9137	[1977]
9138	[507]
9404	[1792, 1793, 1794, 1795, 1796, 1797, 1798, 1799, 1800, 1801, 1802, 1803, 1804, 1805, 1806, 1807, 1808, 1809, 1810, 1811, 1812, 1813, 1814, 1815, 1816, 1817, 1818, 568, 582, 621, 625, 635, 644, 654, 679, 681]
10022	[64]
10026	[64]
10083	[64]
10087	[64]
10138	[473]
10146	[507]
10154	[1431]
10475	[9]
10476	[75]
10520	[9]
10524	[75]
10655	[9]
10911	[1650]
10919	[2475]
10925	[571]
10949	[1650]
10983	[1460]
10984	[1460]
11000	[1460]
11026	[227]
11027	[280]
11028	[267]
11056	[227]
11057	[280]
11062	[287]
11063	[310]
11064	[2567]
11065	[546]
11066	[2341]
11067	[264]
11068	[267]
11073	[80]
11074	[335]
11075	[243]
11076	[79]
11077	[122]
11078	[99]
11079	[82]
11080	[549]
11085	[2329]
11086	[481]
11087	[2262]
12005	[287]
12013	[310]
12021	[2567]
12029	[546]
12037	[2341]
12045	[264]
12053	[267]
12071	[267]
12133	[287]
12139	[310]
12145	[2567]
12151	[546]
12157	[2341]
12163	[264]
12169	[267]
12201	[267]
12484	[2969]
12498	[358]
12523	[512]
12583	[508]
12591	[1157]
12646	[315]
12660	[124]
12759	[571, 566]
12775	[124]
12776	[2704]
12822	[2704]
12836	[2704]
12856	[427]
12857	[404]
12858	[512]
12859	[606]
12860	[2746]
12861	[566]
12862	[2747]
12863	[2608]
12864	[547]
13698	[743]
13703	[743]
13791	[703]
13797	[703]
13803	[703, 743]
13813	[703]
13822	[703]
13828	[102]
13837	[743]
13846	[743]
13852	[743]
13878	[743]
13887	[743]
13891	[1514]
13895	[1529]
13899	[846]
13903	[1499]
13907	[858]
13911	[1563]
13915	[881]
13941	[1514]
13946	[1529]
13978	[1514]
13979	[1514]
13993	[1514]
13994	[1514]
14022	[1529]
14023	[1529]
14024	[846]
14025	[846]
14039	[1529]
14040	[1529]
14041	[846]
14042	[846]
14049	[1529]
14050	[1529]
14056	[846]
14057	[846]
14456	[185]
14465	[731]
14474	[184]
14485	[185]
14493	[731]
14501	[184]
16750	[59]
16752	[59]
17515	[64]
17519	[64]
17582	[64]
17586	[64]
17643	[64]
17647	[64]
17700	[64]
17704	[64]
18927	[64]
18935	[64]
19056	[42]
19057	[51]
19058	[978]
19365	[1749]
19370	[1749]
19386	[476]
19387	[440]
19388	[1749]
19392	[909, 61, 54, 58]
19402	[440]
19407	[440]
19423	[476]
19424	[440]
19425	[1749]
19429	[58, 54, 61, 909]
19439	[476]
19444	[476]
19460	[476]
19461	[440]
19462	[1749]
19466	[61, 54, 909, 58]
20909	[1650]
21019	[1650]
21253	[50, 59, 63, 66, 67, 68]
21271	[50, 59, 63, 66, 67, 68]
21292	[50, 59, 63, 66, 67, 68]
21568	[65]
21573	[65]
21598	[51, 60]
21847	[69, 972, 9, 75, 74, 526]
22026	[807, 85, 86, 87, 88, 90, 92, 98, 10, 762]
22906	[546]
22909	[696]
22912	[2589]
22915	[2429]
22918	[2763]
22921	[2471]
23999	[399]
24024	[399]
24030	[399]
24699	[139]
24724	[139]
24745	[104]
24746	[246]
24747	[139]
24752	[104]
24760	[104]
24779	[104]
24780	[246]
24781	[139]
24785	[104]
24794	[104]
24795	[246]
24796	[139]
25059	[1805]
25060	[621]
25063	[610]
25064	[580]
25065	[1439]
25066	[1438]
25067	[1442]
25070	[593]
25071	[2930]
25072	[1607]
25073	[1608]
25074	[2246]
25075	[564]
25076	[2247]
25079	[695]
25080	[712]
25082	[1472]
25083	[2856]
25084	[1515]
25085	[735]
25086	[1514]
25087	[1516]
25090	[1513]
25091	[738]
25092	[1512]
25093	[2933]
25099	[2671]
25100	[2859]
25101	[622]
25102	[2675]
25103	[639]
25104	[2676]
25105	[2860]
25106	[2672]
25107	[628]
25108	[1582]
25109	[2680]
25110	[649]
25111	[2673]
25114	[1587]
25115	[674]
25116	[1584]
25120	[2674]
25121	[2669]
25122	[2679]
25123	[686]
25124	[2678]
25125	[692]
25126	[2261]
25127	[713]
25128	[727]
25129	[2024]
25130	[1583]
25131	[730]
25132	[1584]
25133	[1585]
25137	[2668]
25138	[736]
25139	[2670]
25140	[1581]
25141	[756]
25142	[2677]
25159	[1805]
25160	[621]
25163	[610]
25164	[580]
25165	[1439]
25166	[1438]
25167	[1442]
25170	[593]
25171	[2930]
25172	[1607]
25173	[1608]
25174	[2246]
25175	[564]
25176	[2247]
25179	[695]
25180	[712]
25182	[1472]
25183	[2856]
25184	[1515]
25185	[735]
25186	[1514]
25187	[1516]
25190	[1513]
25191	[738]
25192	[1512]
25193	[2933]
25199	[2671]
25200	[2859]
25201	[622]
25202	[2675]
25203	[639]
25204	[2676]
25205	[2860]
25206	[2672]
25207	[628]
25208	[1582]
25209	[2680]
25210	[649]
25211	[2673]
25214	[1587]
25215	[674]
25216	[1584]
25220	[2674]
25221	[2669]
25222	[2679]
25223	[686]
25224	[2678]
25225	[692]
25226	[2261]
25227	[713]
25228	[727]
25229	[2024]
25230	[1583]
25231	[730]
25232	[1584]
25233	[1585]
25237	[2668]
25238	[736]
25239	[2670]
25240	[1581]
25241	[756]
25242	[2677]
25442	[1650]
25480	[1650]
25684	[513]
25690	[536]
25696	[507]
25702	[473]
25708	[1432]
25727	[1433]
25728	[1432]
25729	[1431]
25730	[1430]
25731	[522]
25732	[498]
25733	[1434]
25734	[471]
25735	[473]
25736	[1435]
25737	[1428]
25738	[499]
25739	[504]
25740	[1977]
25741	[507]
25793	[1433]
25794	[1432]
25795	[1431]
25796	[1430]
25797	[522]
25798	[498]
25799	[1434]
25800	[471]
25801	[473]
25802	[1435]
25803	[1428]
25804	[499]
25805	[504]
25806	[1977]
25807	[507]
25808	[489]
25809	[513]
25810	[529]
25811	[486]
25812	[1427]
25813	[489]
25815	[1425]
25817	[1426]
25818	[514]
25819	[486]
25820	[535]
25821	[536]
25822	[532]
25823	[1429]
25824	[528]
25851	[1433]
25852	[1432]
25853	[1431]
25854	[1430]
25855	[522]
25856	[498]
25857	[1434]
25858	[471]
25859	[473]
25860	[1435]
25861	[1428]
25862	[499]
25863	[504]
25864	[1977]
25865	[507]
25866	[489]
25867	[513]
25868	[529]
25869	[486]
25870	[1427]
25871	[489]
25873	[1425]
25875	[1426]
25876	[514]
25877	[486]
25878	[535]
25879	[536]
25880	[532]
25881	[1429]
25882	[528]
25898	[1433]
25899	[1432]
25900	[1431]
25901	[1430]
25902	[522]
25903	[498]
25904	[1434]
25905	[471]
25906	[473]
25907	[1435]
25908	[1428]
25909	[499]
25910	[504]
25911	[1977]
25912	[507]
25913	[489]
25914	[513]
25915	[529]
25916	[486]
25917	[1427]
25918	[489]
25920	[1425]
25922	[1426]
25923	[514]
25924	[486]
25925	[535]
25926	[536]
25927	[532]
25928	[1429]
25929	[528]
25955	[1433]
25956	[1432]
25957	[1431]
25958	[1430]
25959	[522]
25960	[498]
25961	[1434]
25962	[471]
25963	[473]
25964	[1435]
25965	[1428]
25966	[499]
25967	[504]
25968	[1977]
25969	[507]
25970	[489]
25971	[513]
25972	[529]
25973	[486]
25974	[1427]
25975	[489]
25977	[1425]
25979	[1426]
25980	[514]
25981	[486]
25982	[535]
25983	[536]
25984	[532]
25985	[1429]
25986	[528]
26002	[1433]
26003	[1432]
26004	[1431]
26005	[1430]
26006	[522]
26007	[498]
26008	[1434]
26009	[471]
26010	[473]
26011	[1435]
26012	[1428]
26013	[499]
26014	[504]
26015	[1977]
26016	[507]
26017	[489]
26018	[513]
26019	[529]
26020	[486]
26021	[1427]
26022	[489]
26024	[1425]
26026	[1426]
26027	[514]
26028	[486]
26029	[535]
26030	[536]
26031	[532]
26032	[1429]
26033	[528]
26055	[1433]
26056	[1432]
26057	[1431]
26058	[1430]
26059	[522]
26060	[498]
26061	[1434]
26062	[471]
26063	[473]
26064	[1435]
26065	[1428]
26066	[499]
26067	[504]
26068	[1977]
26069	[507]
26070	[489]
26071	[513]
26072	[529]
26073	[486]
26074	[1427]
26075	[489]
26077	[1425]
26079	[1426]
26080	[514]
26081	[486]
26082	[535]
26083	[536]
26084	[532]
26085	[1429]
26086	[528]
26304	[484]
26305	[490]
26306	[496]
26307	[501]
26308	[502]
26309	[509]
26310	[542]
26311	[836]
26312	[923]
26313	[1143]
26314	[1157]
26315	[1162]
26316	[1164]
26317	[1219]
26318	[1223]
26319	[1233]
26320	[1258]
26321	[1265]
26322	[1270]
26323	[1272]
26324	[1292]
26325	[1293]
26326	[1294]
26327	[2312]
26328	[2318]
26329	[2336]
26330	[2345]
26331	[2346]
26332	[2347]
26333	[2692]
26334	[2880]
26335	[2931]
26336	[2932]
26337	[526]
26338	[1440]
26339	[1441]
26340	[1975]
26349	[484]
26350	[490]
26351	[496]
26352	[501]
26353	[502]
26354	[509]
26355	[542]
26356	[836]
26357	[923]
26358	[1143]
26359	[1157]
26360	[1162]
26361	[1164]
26362	[1219]
26363	[1223]
26364	[1233]
26365	[1258]
26366	[1265]
26367	[1270]
26368	[1272]
26369	[1292]
26370	[1293]
26371	[1294]
26372	[2312]
26373	[2318]
26374	[2336]
26375	[2345]
26376	[2346]
26377	[2347]
26378	[2692]
26379	[2880]
26380	[2931]
26381	[2932]
26382	[526]
26383	[1440]
26384	[1441]
26385	[1975]
26399	[2329]
26407	[481]
26415	[2262]
26425	[2329]
26428	[481]
26431	[2262]
26443	[484]
26444	[490]
26445	[496]
26446	[501]
26447	[502]
26448	[509]
26449	[542]
26450	[836]
26452	[1143]
26453	[1157]
26454	[1162]
26455	[1164]
26456	[1219]
26457	[1223]
26458	[1233]
26459	[1258]
26460	[1265]
26461	[1270]
26462	[1272]
26463	[1292]
26464	[1293]
26465	[1294]
26466	[2312]
26467	[2318]
26468	[2336]
26469	[2345]
26470	[2346]
26471	[2347]
26472	[2692]
26473	[2880]
26474	[2931]
26475	[2932]
26476	[526]
26477	[1440]
26478	[1441]
26479	[1975]
26500	[484]
26501	[490]
26502	[496]
26503	[501]
26504	[502]
26505	[509]
26506	[542]
26507	[836]
26509	[1143]
26510	[1157]
26511	[1162]
26512	[1164]
26513	[1219]
26514	[1223]
26515	[1233]
26516	[1258]
26517	[1265]
26518	[1270]
26519	[1272]
26520	[1292]
26521	[1293]
26522	[1294]
26523	[2312]
26524	[2318]
26525	[2336]
26526	[2345]
26527	[2346]
26528	[2347]
26529	[2692]
26530	[2880]
26531	[2931]
26532	[2932]
26533	[526]
26534	[1440]
26535	[1441]
26536	[1975]
26558	[484]
26559	[490]
26560	[496]
26561	[501]
26562	[502]
26563	[509]
26564	[542]
26565	[836]
26566	[923]
26567	[1143]
26568	[1157]
26569	[1162]
26570	[1164]
26571	[1219]
26572	[1223]
26573	[1233]
26574	[1258]
26575	[1265]
26576	[1270]
26577	[1272]
26578	[1292]
26579	[1293]
26580	[1294]
26581	[2312]
26582	[2318]
26583	[2336]
26584	[2345]
26585	[2346]
26586	[2347]
26587	[2692]
26588	[2880]
26589	[2931]
26590	[2932]
26591	[526]
26592	[1440]
26593	[1441]
26594	[1975]
26621	[484]
26622	[490]
26623	[496]
26624	[501]
26625	[502]
26626	[509]
26627	[542]
26628	[836]
26630	[1143]
26631	[1157]
26632	[1162]
26633	[1164]
26634	[1219]
26635	[1223]
26636	[1233]
26637	[1258]
26638	[1265]
26639	[1270]
26640	[1272]
26641	[1292]
26642	[1293]
26643	[1294]
26644	[2312]
26645	[2318]
26646	[2336]
26647	[2345]
26648	[2346]
26649	[2347]
26650	[2692]
26651	[2880]
26652	[2931]
26653	[2932]
26654	[526]
26655	[1440]
26656	[1441]
26657	[1975]
26670	[484]
26671	[490]
26672	[496]
26673	[501]
26674	[502]
26675	[509]
26676	[542]
26677	[836]
26679	[1143]
26680	[1157]
26681	[1162]
26682	[1164]
26683	[1219]
26684	[1223]
26685	[1233]
26686	[1258]
26687	[1265]
26688	[1270]
26689	[1272]
26690	[1292]
26691	[1293]
26692	[1294]
26693	[2312]
26694	[2318]
26695	[2336]
26696	[2345]
26697	[2346]
26698	[2347]
26699	[2692]
26700	[2880]
26701	[2931]
26702	[2932]
26703	[526]
26704	[1440]
26705	[1441]
26706	[1975]
26720	[484]
26721	[490]
26722	[496]
26723	[501]
26724	[502]
26725	[509]
26726	[542]
26727	[836]
26728	[923]
26729	[1143]
26730	[1157]
26731	[1162]
26732	[1164]
26733	[1219]
26734	[1223]
26735	[1233]
26736	[1258]
26737	[1265]
26738	[1270]
26739	[1272]
26740	[1292]
26741	[1293]
26742	[1294]
26743	[2312]
26744	[2318]
26745	[2336]
26746	[2345]
26747	[2346]
26748	[2347]
26749	[2692]
26750	[2880]
26751	[2931]
26752	[2932]
26753	[526]
26754	[1440]
26755	[1441]
26756	[1975]
26781	[484]
26782	[490]
26783	[496]
26784	[501]
26785	[502]
26786	[509]
26787	[542]
26788	[836]
26790	[1143]
26791	[1157]
26792	[1162]
26793	[1164]
26794	[1219]
26795	[1223]
26796	[1233]
26797	[1258]
26798	[1265]
26799	[1270]
26800	[1272]
26801	[1292]
26802	[1293]
26803	[1294]
26804	[2312]
26805	[2318]
26806	[2336]
26807	[2345]
26808	[2346]
26809	[2347]
26810	[2692]
26811	[2880]
26812	[2931]
26813	[2932]
26814	[526]
26815	[1440]
26816	[1441]
26817	[1975]
26828	[484]
26829	[490]
26830	[496]
26831	[501]
26832	[502]
26833	[509]
26834	[542]
26835	[836]
26837	[1143]
26838	[1157]
26839	[1162]
26840	[1164]
26841	[1219]
26842	[1223]
26843	[1233]
26844	[1258]
26845	[1265]
26846	[1270]
26847	[1272]
26848	[1292]
26849	[1293]
26850	[1294]
26851	[2312]
26852	[2318]
26853	[2336]
26854	[2345]
26855	[2346]
26856	[2347]
26857	[2692]
26858	[2880]
26859	[2931]
26860	[2932]
26861	[526]
26862	[1441]
26863	[1440]
26864	[1975]
26944	[1472]
26945	[2856]
26946	[1515]
26947	[735]
26948	[1514]
26949	[1516]
26952	[1513]
26953	[738]
26954	[1512]
26955	[2933]
26960	[622]
26961	[2675]
26962	[2672]
26963	[628]
26964	[1582]
26965	[2680]
26966	[649]
26967	[665]
26968	[680]
26969	[1587]
26970	[674]
26971	[1586]
26974	[2678]
26975	[692]
26976	[713]
26977	[727]
26978	[2024]
26979	[1583]
26980	[730]
26981	[1584]
26982	[1585]
26983	[737]
26986	[2668]
26987	[736]
26988	[2670]
26989	[1581]
26990	[756]
26991	[2677]
26994	[2671]
26995	[2859]
26996	[639]
26997	[2860]
26998	[2676]
26999	[664]
27000	[2673]
27001	[686]
27002	[2674]
27003	[705]
27004	[2679]
27005	[2669]
27006	[2261]
27018	[1472]
27019	[2856]
27020	[1515]
27021	[735]
27022	[1514]
27023	[1516]
27025	[1513]
27026	[738]
27027	[1512]
27028	[2933]
27031	[622]
27032	[2675]
27033	[2672]
27034	[628]
27035	[1582]
27036	[2680]
27037	[649]
27038	[665]
27039	[680]
27040	[1587]
27041	[674]
27042	[1586]
27044	[2678]
27045	[692]
27046	[713]
27047	[727]
27048	[2024]
27049	[1583]
27050	[730]
27051	[1584]
27052	[1585]
27053	[737]
27055	[2668]
27056	[736]
27057	[2670]
27058	[1581]
27059	[756]
27060	[2677]
27062	[2671]
27063	[2859]
27064	[639]
27065	[2860]
27066	[2676]
27067	[664]
27068	[2673]
27069	[686]
27070	[2674]
27071	[705]
27072	[2679]
27073	[2669]
27074	[2261]
27093	[1472]
27094	[2856]
27095	[1515]
27096	[735]
27097	[1514]
27098	[1516]
27101	[1513]
27102	[738]
27103	[1512]
27104	[2933]
27109	[622]
27110	[2675]
27111	[2672]
27112	[628]
27113	[1582]
27114	[2680]
27115	[649]
27118	[1587]
27119	[674]
27120	[1586]
27122	[2678]
27123	[692]
27124	[713]
27125	[727]
27126	[2024]
27127	[1583]
27128	[730]
27129	[1584]
27130	[1585]
27133	[2668]
27134	[736]
27135	[2670]
27136	[1581]
27137	[756]
27138	[2677]
27140	[2671]
27141	[2859]
27142	[639]
27143	[2860]
27144	[2676]
27146	[2673]
27147	[686]
27148	[2674]
27150	[2679]
27151	[2669]
27152	[2261]
27179	[1472]
27180	[2856]
27181	[1515]
27182	[735]
27183	[1514]
27184	[1516]
27187	[1513]
27188	[738]
27189	[1512]
27190	[2933]
27195	[622]
27196	[2675]
27197	[2672]
27198	[628]
27199	[1582]
27200	[2680]
27201	[649]
27204	[1587]
27205	[674]
27206	[1586]
27208	[2678]
27209	[692]
27210	[713]
27211	[727]
27212	[2024]
27213	[1583]
27214	[730]
27215	[1584]
27216	[1585]
27219	[2668]
27220	[736]
27221	[2670]
27222	[1581]
27223	[756]
27224	[2677]
27226	[2671]
27227	[2859]
27228	[639]
27229	[2860]
27230	[2676]
27232	[2673]
27233	[686]
27234	[2674]
27236	[2679]
27237	[2669]
27238	[2261]
27266	[1472]
27267	[2856]
27268	[1515]
27269	[735]
27270	[1514]
27271	[1516]
27274	[1513]
27275	[738]
27276	[1512]
27277	[2933]
27281	[622]
27282	[2675]
27283	[2672]
27284	[628]
27285	[1582]
27286	[2680]
27287	[649]
27288	[665]
27289	[680]
27290	[1587]
27291	[674]
27292	[1586]
27294	[2678]
27295	[692]
27296	[713]
27297	[727]
27298	[2024]
27299	[1583]
27300	[730]
27301	[1584]
27302	[1585]
27303	[737]
27305	[2668]
27306	[736]
27307	[2670]
27308	[1581]
27309	[756]
27310	[2677]
27312	[2671]
27313	[2859]
27314	[639]
27315	[2860]
27316	[2676]
27317	[664]
27318	[2673]
27319	[686]
27320	[2674]
27321	[705]
27322	[2679]
27323	[2669]
27324	[2261]
27349	[1472]
27350	[2856]
27351	[1515]
27352	[735]
27353	[1514]
27354	[1516]
27357	[1513]
27358	[738]
27359	[1512]
27360	[2933]
27365	[622]
27366	[2675]
27367	[2672]
27368	[628]
27369	[1582]
27370	[2680]
27371	[649]
27374	[1587]
27375	[674]
27376	[1586]
27378	[2678]
27379	[692]
27380	[713]
27381	[727]
27382	[2024]
27383	[1583]
27384	[730]
27385	[1584]
27386	[1585]
27389	[2668]
27390	[736]
27391	[2670]
27392	[1581]
27393	[756]
27394	[2677]
27396	[2671]
27397	[2859]
27398	[639]
27399	[2860]
27400	[2676]
27402	[2673]
27403	[686]
27404	[2674]
27406	[2679]
27407	[2669]
27408	[2261]
27430	[1472]
27431	[2856]
27432	[1515]
27433	[735]
27434	[1514]
27435	[1516]
27438	[1513]
27439	[738]
27440	[1512]
27441	[2933]
27446	[622]
27447	[2675]
27448	[2672]
27449	[628]
27450	[1582]
27451	[2680]
27452	[649]
27455	[1587]
27456	[674]
27457	[1586]
27459	[2678]
27460	[692]
27461	[713]
27462	[727]
27463	[2024]
27464	[1583]
27465	[730]
27466	[1584]
27467	[1585]
27470	[2668]
27471	[736]
27472	[2670]
27473	[1581]
27474	[756]
27475	[2677]
27477	[2671]
27478	[2859]
27479	[639]
27480	[2860]
27481	[2676]
27483	[2673]
27484	[686]
27485	[2674]
27487	[2679]
27488	[2669]
27489	[2261]
27950	[1650]
27975	[1650]
28697	[227]
29838	[227]
29851	[227]
29870	[227]
29985	[1979]
30007	[280]
30008	[2729]
30013	[287]
30014	[310]
30015	[2567]
30016	[546]
30017	[2341]
30018	[264]
30019	[267]
30020	[287]
30021	[1979]
30026	[80]
30027	[335]
30028	[243]
30029	[79]
30030	[122]
30031	[99]
30032	[82]
30033	[549]
30038	[2329]
30039	[481]
30040	[2262]
30051	[280]
30052	[2729]
30055	[310]
30056	[2567]
30058	[2341]
30059	[264]
30060	[267]
30061	[287]
30062	[1979]
30065	[80]
30066	[335]
30068	[79]
30069	[122]
30072	[549]
30074	[2329]
30075	[481]
30076	[2262]
30099	[280]
30100	[2729]
30103	[310]
30104	[2567]
30106	[2341]
30107	[264]
30108	[267]
30109	[287]
30110	[1979]
30113	[80]
30114	[335]
30116	[79]
30117	[122]
30120	[549]
30122	[2329]
30123	[481]
30124	[2262]
30179	[2026]
30180	[1287]
30181	[2522]
30182	[306]
30183	[2766]
30184	[284]
30185	[312]
30186	[351]
30187	[1982]
30188	[2927]
30189	[319]
30190	[2485]
30196	[752]
30197	[651]
30198	[311]
30199	[376]
30200	[122]
30201	[5]
30202	[387]
30203	[407]
30208	[612]
30209	[656]
30210	[594]
30211	[79]
30212	[381]
30213	[693]
30214	[687]
30215	[329]
30219	[1975]
30220	[467]
30233	[2026]
30234	[1287]
30235	[2522]
30236	[306]
30237	[2766]
30238	[284]
30239	[312]
30241	[1982]
30242	[2927]
30243	[319]
30244	[2485]
30246	[752]
30247	[651]
30248	[311]
30249	[376]
30250	[122]
30251	[5]
30252	[387]
30254	[612]
30255	[656]
30256	[594]
30257	[79]
30258	[381]
30259	[693]
30260	[687]
30261	[329]
30263	[1975]
30285	[2026]
30286	[1287]
30287	[2522]
30288	[306]
30289	[2766]
30290	[284]
30291	[312]
30293	[1982]
30294	[2927]
30296	[752]
30297	[651]
30298	[311]
30299	[376]
30300	[122]
30301	[5]
30302	[387]
30304	[612]
30305	[656]
30306	[594]
30307	[79]
30308	[381]
30309	[693]
30310	[687]
30311	[329]
30313	[1975]
31268	[606]
31269	[2747]
31270	[566]
31271	[2746]
31273	[2608]
31274	[512]
31275	[427]
31276	[404]
31277	[485]
31545	[404]
31549	[512]
31553	[427]
31557	[485]
31864	[12895]
31867	[512]
31875	[485]
31884	[485]
31894	[485]
31900	[485]
31909	[1457]
31910	[1449]
31911	[1448]
31912	[661]
31913	[1445]
31914	[694]
31915	[710]
31916	[652]
31917	[669]
31918	[1450]
31919	[1451]
31920	[1459]
31921	[673]
31922	[647]
31923	[1458]
31924	[1456]
31925	[643]
31926	[1455]
31927	[1454]
31928	[1453]
31929	[1447]
31930	[685]
31966	[1457]
31967	[1449]
31968	[1448]
31969	[661]
31970	[1445]
31971	[694]
31972	[710]
31973	[652]
31974	[669]
31975	[1450]
31976	[1451]
31977	[1459]
31978	[673]
31979	[647]
31980	[1458]
31981	[1456]
31982	[643]
31983	[1455]
31984	[1454]
31985	[1453]
31986	[1447]
31987	[685]
32018	[2535]
32019	[2903]
32020	[2904]
32021	[683]
32022	[1408]
32033	[2535]
32043	[2535]
32044	[2903]
32045	[2904]
32046	[683]
32047	[1408]
32055	[2535]
32181	[42]
32182	[51]
32183	[978]
32647	[743]
32655	[743]
33227	[227]
33244	[5]
33272	[763]
35086	[2585]
35104	[2585]
